0,0,0,0,0,0,0,0,0,0,0,0,0,0,0,0,0,0,0,0,0,0,0,0,0,-1.00000000000000,-1.00000000000000,0,0,0,0,0,0,0,0,0,0,0,0,0,0,0,0,0,0,0,0,0,0,0,0,0,0,0,0,0,0,0,0,0,0,0,0,0,0,0,0,0,0,0,1,0,0,0,0,0,0,0,0,0,0,0,0,0,0,0,0,0,0,0,0,0,0,0,0,0,0,0,0,0,0,0,0,0,0,0,0,0,0,0,0,0,0,0,0,0,0,0,0,0,0,0,0,0,0,0,0,0,0,0,0,0,0,0,0,0,0,0,0,0,0,0,0,0,0,0,0,0,0,0,0,0,0,0,0,0,0,0,0,0,0
0,0,0,0,-1.00000000000000,0,0,0,0,0,0,0,0,0,0,0,0,0,0,0,0,0,0,0,0,0,0,0,0,0,0,0,0,0,0,0,0,0,0,0,0,0,0,0,0,1.00000000000000,0,0,0,0,0,0,0,0,0,0,0,0,0,0,0,0,0,0,0,0,0,0,0,0,0,0,0,0,0,0,0,0,0,0,-1.00000000000000,0,0,0,1,0,0,0,0,0,0,0,0,0,0,0,0,0,0,0,0,0,0,0,0,0,0,0,0,0,0,0,0,0,0,0,0,0,0,0,0,0,0,0,0,0,0,0,0,0,0,0,0,0,0,0,0,0,0,0,0,0,0,0,0,0,0,0,0,0,0,0,0,0,0,0,0,0,0,0,0
0,0,0,0,0,0,0,0,0,0,0,0,0,-1.00000000000000,0,0,0,0,0,0,0,0,0,0,0,0,0,0,0,0,0,0,0,0,0,0,0,0,0,0,0,0,0,0,0,0,0,0,0,0,0,0,0,0,-1.00000000000000,0,0,0,0,0,0,0,0,0,0,0,0,0,0,0,0,0,0,0,0,0,0,0,0,0,0,0,0,0,0,1,0,0,0,0,0,0,0,0,0,0,0,0,0,0,0,0,0,0,0,0,0,0,0,0,0,0,0,0,0,0,0,0,0,0,0,0,0,0,0,0,0,0,0,0,0,0,0,0,0,0,0,0,0,0,0,0,0,0,0,0,0,0,0,0,0,0,0,0,0,0,0,0,0,0,0
0,0,0,0,0,0,0,0,0,0,0,0,0,0,0,-1.00000000000000,-1.00000000000000,-1.00000000000000,0,0,0,0,0,0,0,0,0,0,0,0,0,0,0,0,0,0,0,0,0,0,0,0,0,0,0,0,0,0,0,0,0,0,0,0,0,0,0,0,0,0,0,0,0,0,0,0,0,0,0,0,0,0,0,0,0,0,0,0,0,0,0,0,0,0,0,0,0,0,0,0,0,0,0,0,0,1,0,0,0,0,0,0,0,0,0,0,0,0,0,0,0,0,0,0,0,0,0,0,0,0,0,0,0,0,0,0,0,0,0,0,0,0,0,0,0,0,0,0,0,0,0,0,0,0,0,0,0,0,0,0,0,0,0,0,0,0,0,0,0,0,0
0,-1.00000000000000,0,0,0,-1.00000000000000,0,0,0,0,0,0,0,0,0,0,0,0,0,0,0,0,0,0,0,0,0,0,0,0,0,0,0,0,0,0,0,0,0,0,0,0,0,0,0,1.00000000000000,0,0,0,0,0,0,0,0,0,0,0,0,0,0,0,0,0,0,0,0,0,0,0,0,0,0,0,0,0,0,0,0,0,0,-1.00000000000000,0,0,0,0,0,0,0,0,0,0,0,0,0,0,0,1,0,0,0,0,0,0,0,0,0,0,0,0,0,0,0,0,0,0,0,0,0,0,0,0,0,0,0,0,0,0,0,0,0,0,0,0,0,0,0,0,0,0,0,0,0,0,0,0,0,0,0,0,0,0,0,0,0,0,0,0,0,0,0,0
0,0,0,0,0,0,0,0,0,0,0,0,0,0,0,0,0,0,0,0,0,0,0,0,0,0,0,0,0,0,0,0,0,0,0,0,0,0,0,0,0,0,0,0,0,0,0,0,0,0,0,0,0,0,0,0,0,0,0,0,0,0,0,0,0,0,0,0,0,0,0,0,0,0,0,0,0,0,0,0,0,0,0,0,0,0,0,0,0,0,0,0,0,0,0,0,0,0,0,0,0,1.00000000000000,-1.00000000000000,-1.00000000000000,1,0,0,0,0,0,0,0,0,0,0,0,0,0,0,0,0,0,0,0,0,0,0,0,0,0,0,0,0,0,0,0,0,0,0,0,0,0,0,0,0,0,0,0,0,0,0,0,0,0,0,0,0,0,0,0,0
0,0,-1.00000000000000,0,0,0,0,0,0,0,0,0,0,0,0,0,0,0,0,0,0,0,0,0,0,0,0,0,0,0,0,0,0,0,0,0,0,0,0,0,0,0,0,0,0,0,0,0,0,0,0,0,0,0,0,0,0,0,0,0,0,0,0,0,0,0,0,0,0,0,0,0,0,0,0,0,0,0,0,0,0,-1.00000000000000,0,0,0,0,0,0,0,0,0,0,0,0,0,0,0,0,0,0,0,0,0,0,0,0,0,0,0,0,1,0,0,0,0,0,0,0,0,0,0,0,0,0,0,0,0,0,0,0,0,0,0,0,0,0,0,0,0,0,0,0,0,0,0,0,0,0,0,0,0,0,0,0,0,0,0,0,0,0,0
0,0,0,0,0,0,0,0,0,0,0,0,0,-1.00000000000000,0,0,0,0,0,0,0,0,0,0,0,0,0,0,0,0,0,0,0,0,0,0,0,0,0,0,0,0,0,0,0,0,0,0,0,0,0,0,0,0,-1.00000000000000,0,0,0,0,0,0,0,0,0,0,0,0,0,0,0,0,0,0,0,0,0,0,0,0,0,0,0,-1.00000000000000,0,0,0,0,0,0,0,0,0,0,0,0,0,0,0,0,0,0,0,0,0,0,0,0,0,0,0,0,0,0,0,1,0,0,0,0,0,0,0,0,0,0,0,0,0,0,0,0,0,0,0,0,0,0,0,0,0,0,0,0,0,0,0,0,0,0,0,0,0,0,0,0,0,0,0,0,0,0
0,0,0,0,0,0,0,0,0,0,0,0,0,0,0,0,0,0,0,0,0,0,0,0,0,0,0,0,0,0,0,0,0,0,0,0,0,0,0,0,0,0,0,0,0,0,0,0,0,0,0,0,0,0,0,0,0,0,0,0,0,0,0,0,0,0,0,0,0,0,0,0,-1.00000000000000,1.00000000000000,0,0,0,0,0,0,0,0,0,0,0,0,0,0,0,0,0,0,0,0,0,0,0,0,0,0,0,0,0,0,0,0,0,0,0,0,0,0,0,0,0,0,0,0,0,0,-1.00000000000000,1,0,0,0,0,0,0,0,0,0,0,0,0,0,0,0,0,0,0,0,0,0,0,0,0,0,0,0,0,0,0,0,0,0,0,0,0,0,0,0
0,0,0,0,0,0,0,0,0,0,0,0,0,0,0,0,0,0,0,0,0,0,0,0,0,0,0,0,0,0,0,0,0,0,0,0,0,0,0,0,0,0,0,0,0,0,0,0,0,0,0,0,0,0,0,0,0,0,0,0,0,0,0,0,0,0,0,1.00000000000000,0,0,0,0,0,0,-1.00000000000000,0,0,0,0,0,0,0,0,0,0,0,0,0,0,0,0,0,0,0,0,0,0,0,0,0,0,0,0,0,0,0,0,0,0,0,0,0,0,0,0,0,0,0,0,0,0,0,0,0,1,0,0,0,0,0,0,0,0,0,0,0,0,0,0,0,0,0,0,0,0,0,0,0,0,0,0,0,0,0,0,0,0,0,0,0,0
0,0,0,0,0,0,0,0,0,0,0,0,0,0,0,0,0,0,0,0,0,0,0,0,0,0,0,0,0,0,0,0,0,0,0,0,0,0,0,0,0,0,0,0,0,0,0,0,0,0,0,0,0,0,0,0,0,0,0,0,0,0,-1.00000000000000,0,0,0,0,0,0,0,0,0,0,0,0,0,0,0,0,0,0,0,0,0,0,0,0,0,0,0,0,0,0,0,0,0,0,0,0,0,0,0,0,0,0,0,0,0,0,0,0,0,0,0,0,0,0,0,0,0,0,0,0,0,0,0,0,0,-1.00000000000000,1,0,0,0,0,0,0,0,0,0,0,0,0,0,0,0,0,0,0,0,0,0,0,0,0,0,0,0,0,0,0,0
0,0,0,0,0,0,0,0,0,0,0,0,1.00000000000000,0,0,0,0,0,0,0,0,0,0,0,0,0,0,-1.00000000000000,0,-1.00000000000000,0,0,0,0,0,0,0,0,0,0,0,0,0,0,0,0,0,0,0,0,0,0,0,0,0,0,0,0,0,0,0,0,0,0,0,0,0,0,0,0,0,0,0,0,0,0,0,0,0,0,0,0,0,0,0,0,0,0,0,0,0,0,1.00000000000000,0,0,0,0,0,0,0,0,0,0,0,0,0,0,0,0,0,0,0,0,0,0,0,0,0,0,0,0,0,0,0,0,0,0,0,0,0,0,0,0,0,1,0,0,0,0,0,0,0,0,0,0,0,0,0,0,0,0,0,0,0,0,0,0,0,0,0,0
0,0,0,0,0,0,0,0,0,0,-1.00000000000000,0,0,0,0,0,0,0,0,0,0,0,0,0,0,0,0,0,0,0,0,0,0,0,0,0,0,0,0,0,0,0,0,0,0,1.00000000000000,0,0,0,0,0,0,0,0,0,0,0,0,0,0,0,0,0,0,0,0,0,0,0,0,0,0,0,0,0,0,0,0,0,0,-1.00000000000000,0,0,0,0,0,0,0,0,0,0,0,0,0,0,0,0,0,0,0,0,0,0,0,0,0,0,0,0,0,0,0,0,0,0,0,0,0,0,0,0,0,0,0,0,0,0,0,0,0,0,0,0,0,0,1,0,0,0,0,0,0,0,0,0,0,0,0,0,0,0,0,0,0,0,0,0,0,0,0,0
0,0,0,0,0,0,-1.00000000000000,0,0,0,0,0,0,0,0,0,0,0,0,0,0,0,0,0,0,0,0,0,0,0,0,0,0,0,0,0,0,0,0,0,0,0,0,0,0,0,0,0,0,0,0,0,0,0,0,0,0,0,0,0,0,0,0,0,0,0,0,0,0,0,0,0,0,0,0,0,0,0,0,0,0,0,0,0,0,0,0,0,0,0,0,0,0,0,0,0,0,0,0,0,0,0,0,0,0,0,0,0,0,0,0,0,0,0,0,0,0,0,0,0,0,0,0,0,0,0,0,0,0,0,0,0,0,0,0,0,1.00000000000000,1,0,0,0,0,0,0,0,0,0,0,0,0,0,0,0,0,0,0,0,0,0,0,0
0,0,0,0,0,0,0,0,0,-1.00000000000000,0,0,0,0,0,0,0,0,0,0,0,0,0,0,0,0,0,0,1.00000000000000,0,0,0,0,0,0,0,0,0,0,0,0,0,0,0,0,0,0,0,0,0,0,0,0,0,0,0,0,0,0,0,0,0,0,0,0,0,0,0,0,0,0,0,0,0,0,0,0,0,0,0,0,0,0,0,0,0,0,0,0,0,0,0,0,0,0,0,0,0,0,0,0,0,0,0,0,0,0,0,0,0,0,0,0,0,0,0,0,0,0,0,0,0,0,0,0,0,0,0,0,0,0,0,0,0,0,0,0,0,0,0,1,0,0,0,0,0,0,0,0,0,0,0,0,0,0,0,0,0,0,0,0
0,0,0,0,0,0,0,0,0,0,0,-1.00000000000000,0,0,0,0,0,0,0,0,0,0,0,0,0,0,0,0,0,0,0,0,0,0,0,0,0,0,0,0,0,0,0,0,0,0,0,0,0,0,0,0,0,0,0,0,0,0,0,0,0,0,0,0,0,0,0,0,0,1.00000000000000,0,0,0,0,0,0,0,0,0,0,0,0,0,0,0,0,0,0,0,0,0,0,0,0,0,0,0,0,0,0,0,0,0,0,0,0,0,0,0,0,0,0,0,0,0,0,0,0,0,0,0,0,0,0,0,0,0,0,0,0,0,0,0,0,0,0,0,0,0,0,0,0,0,1,0,0,0,0,0,0,0,0,0,0,0,0,0,0,0,0,0
362813.547027700,347.641473283829,64796509819785.1,-1.00000000000000,0,349.230019239319,0,0,742.936563366626,0,0,0,0,16.8710316210407,0,-0.190178896225997,1.10315561542100e-14,-0.0815014776146695,-1.78526000902818e+16,-3218.64170499044,47053.2056584181,0,1119.63724231912,-1120.66946346159,-1.76973264429619e+16,0,0,0,-2.35643378581761,323267628617523.,-580024827038844.,-1.00000000000000,-275407.885066746,0,0.442726578543653,-115206.537001545,272291.703521480,264736.970786909,27157.5045534204,-323267628627269.,9.84779610767194e+15,-9.92035265984402e+16,-3.83046696623901e+16,1.00000000000000,324760.280864015,3.53792852664691e+16,-1.78300527851691e+16,-85983.5209573367,-580024827077085.,-520.549354950178,-253183.897981685,0,0,-8.00321690381958,16.8710316210407,-0.829406607982951,-1.09925605219248e+17,7.76755096732595,37088.9009683206,-0.235661379155540,-250946.231150234,568644766380482.,0,304145.627073056,-76921.6883813245,0,253183.897981685,10970104451399.8,-4.23535880428344e+16,0,0,5.96217248253989e+16,0,0,0,-2.36021587926512,-5.95601690419061e+16,1.76973264435277e+16,4.24568158621534e+16,0,-3.56958692754222e+16,64796509819796.9,-17.8644969875510,-1175.70469539291,0,0,-347.641473283829,-5.51672059890778,85736.9181634266,5.62362844900537,0.0479263076545713,0,-1.44177315005137e+15,-1.44177315006336e+15,-2180.42489821322,0,0,-951.377495848219,602.956805885406,3773.90843784754,-3781.45056448894,0,0,0,0,1723.20807386068,-952.740054751435,85745.3683350088,4.64356660936245,-4.64356660936850,0,-1859.63674166206,-70486540127542.0,1.04801898130471e+15,0,1.11850552143227e+15,1493.06506245790,0,5690030307558.99,8.87630805660780,0,0,5.95601690419075e+16,-4.23531463315845e+16,0,-6635.31412676485,6635.31744852049,-76921.9801526383,0,0,568644766380471.,0.0625695412594957,1.13143670016939e+15,3218.64170499045,0,0,0,0,-2.35107191113223,-742.936563366626,0,-2.35107191113223,-0.394800270890591,0,1,0,0,0,0,0,0,0,0,0,0,0,0,0,0,0,0
-364508.703070146,-254.077742088438,-65051040659383.1,0.999999999999997,0,-254.838261127647,0,0,-733.916381144996,0,0,0,-1.00000000000000,-16.6820371223958,0,0.201738456850618,-9.05503432884927e-15,0.162315637243132,1.79565872195563e+16,2973.01300957080,-48998.1023954872,0,-1285.32657360510,1286.45957142504,1.78256768541116e+16,0,0,0,2.32734854282321,-203539756338600.,611151384253987.,0.999999999999997,283643.796663051,0,-0.599060491257367,127299.710962203,-286814.834615375,-268597.966490736,-30985.0676766709,203539756349467.,-9.23105692577733e+15,9.79970056943133e+16,3.48119530917677e+16,-1.00000000000000,-323195.912425268,-3.56279758954024e+16,1.79375777094895e+16,105582.981938558,611151384284668.,599.780575681651,253223.192848282,0,0,8.20835898721906,-16.6820371223958,0.834456275850285,1.07367831355987e+17,-7.97343977580814,-34774.5248222169,0.170288946203147,251022.543203608,-601556917158305.,0,-298502.884415214,85432.6949641771,0,-253223.192848282,-6800120040128.72,4.18368802230139e+16,0,0,-5.83744239557822e+16,0,0,0,2.33109420487041,5.83192092649634e+16,-1.78256768546716e+16,-4.19156993180119e+16,0,3.58948861471334e+16,-65051040659394.5,22.4917848762606,1161.43016494954,0,0,254.077742088438,5.14377538914884,-93504.3001994996,-5.12609113073911,-0.0552264682997653,0,1.66138480228895e+15,1.66138480230190e+15,2274.61677576962,0,0,730.178462367976,-475.445714638854,-3692.15444832149,3700.03246949144,0,0,0,0,-1761.50475880617,730.984770744110,-93511.5498738738,-2.15359348897968,2.15359348898556,0,1876.17905273442,69848274184535.0,-1.38799677176438e+15,0,-1.45784504594895e+15,-1209.15045655178,0,-4797233524571.03,-8.47443442680894,0,0,-5.83192092649608e+16,4.18376239761386e+16,0,5797.17269370393,-5797.08502564002,85433.0983130932,0,0,-601556917158294.,0.138862885348579,-712389147192936.,-2973.01300957082,0,0,0,0,2.32245467169598,733.916381144996,0,2.32245467169598,0.543834022959182,0,0,1,0,0,0,0,0,0,0,0,0,0,0,0,0,0,0
-195758.080024711,-69.8790243366080,-30694262483265.7,0,0,-69.8309283571424,0,0,-396.804746489830,0,0,0,0,-9.01971470033226,0,0.0309175481370134,-4.45107828050291e-15,0.209794993826571,-2.01459176155504e+15,1446.95583248085,-27250.8185635184,0,-800.171905793139,800.061976541113,-2.06440918933359e+15,0,0,0,0.286876193983499,305359062408540.,97296923637547.0,0,156117.861903721,0,-0.409960363929018,74518.9064760684,-161508.007267809,-145086.125574570,-19248.8557168151,-305359062402104.,-3.46882489663926e+15,5.63580149806895e+16,1.03319987392785e+17,-0.999999999999999,-171968.861119447,4.14365405732858e+15,-2.02182575634425e+15,67932.8508775198,97296923649225.1,374.788769571680,134880.664350257,0,0,6.89667025715912,-9.01971470033226,0.902189716261953,9.91670053867240e+16,-6.80919954342512,-16622.7328137544,0.112737758264921,133316.728622653,-93645786690802.2,0,-155330.454139459,50908.2707851541,0,-134880.664350257,-649978180182.558,5.15950603240476e+15,0,0,-2.44621207760401e+16,0,0,0,0.287649042760872,2.44378990149797e+16,2.06440918903494e+15,-5.18521928925799e+15,0,-4.04208240461546e+15,-30694262483270.2,14.8239525786744,627.947561886338,0,0,69.8790243366080,7.29855372529553,-54995.7540407035,-7.27603600463795,-0.0204488428934139,0,615165116515403.,615165116522929.,1275.66899163181,0,0,245.868081401789,-175.742520158427,-1810.01967819581,1809.89608621252,0,0,0,0,-975.053241182514,245.772119537792,-55002.8920356563,0.124076391060200,-0.124076391058130,0,1006.63066866360,32519830943728.6,-888004347979499.,0,-920524178923258.,-471.615574011930,0,-1825568459898.29,-7.58610343069632,0,0,-2.44378990149771e+16,5.16022605392570e+15,0,2812.02746703004,-2812.04348495768,50908.6972348712,0,0,-93645786690800.6,0.0186487271196855,1.06875671842592e+15,-1446.95583248085,0,0,0,0,0.286450088866954,396.804746489830,0,0.286450088866953,0.389511521036507,0,0,0,1,0,0,0,0,0,0,0,0,0,0,0,0,0,0
0,0,1.00000000000000,0,0,0,0,0,0,0,0,0,0,0,-1.00000000000000,0,0,0,0,0,0,0,0,0,0,0,0,0,0,0,0,0,0,0,0,0,0,0,0,0,0,0,0,0,0,0,0,0,0,0,0,0,0,0,0,0,0,0,0,0,0,0,0,0,0,0,0,0,0,0,0,0,0,0,0,0,0,0,0,0,0,1.00000000000000,0,0,0,0,0,0,0,0,0,0,0,0,0,0,0,0,0,0,0,0,0,0,0,0,0,0,0,0,0,0,0,0,0,0,0,0,0,0,0,0,0,0,0,0,0,0,0,0,0,0,0,0,0,0,0,0,0,0,0,0,0,0,0,0,0,1,0,0,0,0,0,0,0,0,0,0,0,0,0
-280765.030988323,-855.253406004808,-143682543317639.,0,0,-857.582095972783,0,0,-598.468065377441,0,0,0,0,-15.4774999376004,0,-0.714022981360562,-1.00000000000002,-1.51216801556834,3.72970952921938e+16,3835.16278150501,-28280.9835459983,0,192.414037074529,-191.978902475869,3.69892777189251e+16,0,0,0,3.02780880188634,-1.64633200789355e+15,881277889531411.,0,174421.852077626,0,0.422103118061680,30080.0186638985,-143614.493746162,-198117.256036214,12098.4098519230,1.64633200789583e+15,-2.02510377064174e+15,1.05138966744216e+17,-8.00923424826392e+16,0,-261147.542292492,-7.39328617127536e+16,3.72523970654978e+16,-39584.4999295202,881277889603819.,-90.5374133132135,203880.884741539,0,0,4.79952029130219,-15.4774999376004,-0.117960861276935,5.50805214327257e+16,-2.93365905496152,-47592.8864062205,0.388290869094146,211691.409178615,-858717830479651.,0,-278177.372147808,6432.76031273695,0,-203880.884741539,-14624424254470.6,7.24743852531836e+16,0,0,-7.44922871726756e+16,0,0,0,4.03863253693612,7.43698160044021e+16,-3.69892777193677e+16,-7.26722747539380e+16,0,7.45604641629874e+16,-143682543317656.,-13.1062324058200,947.081822596670,0,0,855.253406004808,0.757199178218401,-21980.8674546691,-0.885552016497453,-0.0353096283499469,0,1.06222399734106e+15,1.06222399734479e+15,1187.27091347224,0,0,2059.99228212069,-1204.75288121141,-3696.75685061047,3699.27800886814,0,0,0,0,-1012.09580108223,2062.27944583413,-21987.5114407464,-6.66963840498701,6.66963840499964,0,1386.36491634533,154962572831908.,739070583386998.,0,584108010555140.,-2819.06663981084,0,-11280029516469.1,-4.79460792243074,0,0,-7.43698160044337e+16,7.24724075389139e+16,0,14362.0561045810,-14361.9266664006,6432.53404550009,0,0,-858717830479636.,-0.159812771319350,-5.76216202764138e+15,-3835.16278150502,0,0,0,0,4.02302677498610,598.468065377441,0,4.02302677498610,-0.457412746410702,0,0,0,0,0,1,0,0,0,0,0,0,0,0,0,0,0,0
0,0,0,0,0,0,0,0,0,0,0,0,1.00000000000000,0,0,0,0,0,0,0,0,0,0,0,0,0,0,0,0,0,0,0,0,0,0,0,0,0,0,0,0,0,0,0,0,0,0,0,0,0,0,0,0,0,0,0,0,0,0,0,0,0,0,0,0,0,0,0,0,0,0,0,0,0,0,0,0,0,0,0,0,0,0,0,0,0,0,0,0,0,0,0,0,-1.00000000000000,0,0,0,0,0,0,0,0,0,0,0,0,0,0,0,0,0,0,0,0,0,0,0,0,0,0,0,0,0,0,0,0,0,0,0,0,0,0,0,0,0,0,0,0,0,0,0,0,0,0,0,0,0,0,0,1,0,0,0,0,0,0,0,0,0,0,0
1.75112014878993e-11,6.13144320580695e-14,-0.00945647314350806,0,0,6.17983905312136e-14,0,0,3.90890823603754e-14,0,0,0,0,8.34962184419276e-16,0,-5.42840676555298e-17,9.37129854672519e-31,9.84418326102759e-17,7.78900095174658,-2.83523195258531e-13,1.47204293983450e-12,0,-1.55989175968708e-14,1.53796018777985e-14,7.78537827309800,0,0,0,-3.56734565939145e-17,1.31296773358159,-0.159704140391561,0,-1.00803546764693e-11,0,-8.36955216647239e-17,4.29355580313282e-13,6.70113913514873e-12,1.13138305410510e-11,-1.05148102180660e-12,-0.312967733581461,9.20898109580897,-1.56987851890327,-18.6339866080689,0,1.75262132835864e-11,-15.5624532950458,7.78847490212065,5.19107377828299e-12,-0.159704140398096,8.81803949722210e-15,-1.29627413167471e-11,0,0,2.45786685518627e-16,8.34962184419276e-16,-2.97391217528019e-17,-10.9703158618931,-4.04706513109502e-16,3.43614961737151e-12,-2.59378793843096e-16,-1.33378363186618e-11,0.159969647792260,0,1.79364040015959e-11,9.59276872550136e-13,0,1.29627413167471e-11,0.00230137860491194,-0.639306936051152,0,0,2.17417869686914,0,0,0,-3.56359454834748e-17,-2.17887581781827,-7.78537827306834,0.644422107660156,0,15.5698394946367,-0.00945647314350686,1.36685165969458e-15,-6.18588718550047e-14,0,0,-6.13144320580695e-14,-1.90978057743361e-15,-4.84038907796352e-13,1.95870476900956e-15,5.23939867626751e-18,0,-0.157617490351727,-0.157617490351737,-6.29311264448445e-14,0,0,-1.44476083290380e-13,8.31644958580324e-14,2.11996811224527e-13,-2.13636653210947e-13,0,0,0,0,6.76621744472040e-14,-1.44742303030077e-13,-4.81949155450695e-13,1.42312103806821e-15,-1.42312103806872e-15,0,-8.53408312371630e-14,0.00958922684408375,-1.14576101638590,0,-1.15535024322998,2.15835348850030e-13,0,-0.000132753700418370,1.94533185109299e-15,0,0,2.17887581781817,-0.637394218338566,0,-4.12462767201469e-13,4.12431486060195e-13,9.59816602420941e-13,0,0,0.159969647792257,-2.03456934270087e-17,1.09538706753599,2.83523195258532e-13,0,0,0,0,-3.53824868481224e-17,-3.90890823603754e-14,0,-3.53824868481224e-17,8.89349203409764e-17,0,0,0,0,0,0,0,1,0,0,0,0,0,0,0,0,0,0
10429.1083729765,-65.6688223205545,10467700211404.9,0,0,-65.6906443663500,0,0,18.4633638385597,0,0,0,0,0.159725658800392,0,-0.00206038321478059,-9.70407544545033e-16,-0.0113457618193770,-8.31340889388287e+15,86.7413257340312,2391.25425318860,0,164.688882267349,-164.659271662842,-8.29667153806870e+15,0,0,0,0.0851832341909588,-15158873952416.4,-8122936810530.35,0,-12794.8732311736,0,0.0231151306649175,-11527.4791686915,16794.8111223333,8873.99886262428,5686.75281575743,15158873951346.6,-5.06619188118721e+15,-6.44805247260915e+15,1.65688476961241e+16,0,7524.37324870406,1.65882034463248e+16,-8.31097846038703e+15,-16584.4564707737,-8122936804921.82,-75.7533943265517,-6104.09898201491,0,0,-0.606962670229108,0.159725658800392,0.0454401361967882,615407416100532.,0.723773445320424,-1791.85633818913,0.0390811154789127,-4246.46201719201,6896250072284.73,0,3193.76599103497,-9986.23181921034,0,6104.09898201491,-56788550255.8622,1.53000843881512e+15,0,0,-1.76937335745076e+15,0,0,0,0.0851344433372748,1.77720967923374e+15,8.29667153808576e+15,-1.52112736664652e+15,0,-1.66223288714526e+16,10467700211404.4,-4.09786455865662,-29.2184617477631,0,0,65.6688223205545,1.41674142308292,9417.14740223264,-1.41747464961389,0.00151918989667667,0,-45701981015979.3,-45701981017192.4,-130.000208974722,0,0,137.490939474817,-71.8288967228448,42.3811835699261,-42.2710675366251,0,0,0,0,91.8656241540119,137.515601468999,9415.61793384023,-0.0668455519066739,0.0668455519072408,0,-73.0295642220523,-11081043579009.3,49779811389483.4,0,60860854968498.9,-179.521998942791,0,613343367304.516,-1.50191648352032,0,0,-1.77720967923388e+15,1.52993990748329e+15,0,699.115451536436,-699.114846755428,-9986.25365188079,0,0,6896250072284.61,-0.000737002342584455,-53056058834151.7,-86.7413257340318,0,0,0,0,0.0849287255790433,-18.4633638385597,0,0.0849287255790433,-0.0215959407683440,0,0,0,0,0,0,0,0,1,0,0,0,0,0,0,0,0,0
-3.04467699003323e-13,6.42375996572911e-15,-0.00271509013264870,0,0,6.42208687476451e-15,0,0,-5.90619955842657e-16,0,0,0,0,2.58556668893275e-17,0,1.12382923783051e-19,9.42781220190052e-32,-4.11828159443673e-20,0.389199330575176,-1.27104380450082e-14,-1.27733992160379e-13,0,-1.30054156954454e-14,1.30046013060644e-14,0.384630749271596,0,0,0,4.47365566292539e-17,-0.000481643954895448,0.000889602443388876,0,6.29142440987328e-13,0,-2.14577148631028e-19,8.13411593509238e-13,-9.97688656279326e-13,-3.55450626521255e-13,-4.88612527890563e-13,0.000481643954973815,0.00770081055771607,0.963587814014381,-0.0786515437143023,0,-1.01496535647510e-13,0.231999256552646,0.388535926329770,1.30499832568146e-12,0.000889602442796645,5.98922070678251e-15,1.09103356336222e-13,0,-1.00000000000000,6.99939031698053e-17,2.58556668893275e-17,-1.26690967794472e-18,1.14213463528409,-7.55711658011211e-17,2.39221970274926e-13,-2.20037530317035e-18,-8.81721316753293e-14,-0.000554769500820958,0,2.80888903892051e-13,7.81895047571272e-13,0,-1.09103356336222e-13,-1.48347819642313e-5,-0.195475964594172,0,0,0.144638137899419,0,0,0,4.48293059385230e-17,-0.146717480552253,-0.384630749272322,0.192933128159696,0,-0.222684477032634,-0.00271509013264859,3.40464793970704e-16,9.34662109144701e-16,0,0,-6.42375996572911e-15,-2.77653263343298e-17,-7.18868604630156e-13,2.73809996906508e-17,-1.24001016862371e-19,0,0.00373033820926868,0.00373033820935956,7.62786007800066e-15,0,0,-1.37991431699587e-14,7.37695105386132e-15,3.99491226978297e-15,-3.98863547781036e-15,0,0,0,0,-5.62850404139772e-15,-1.37992690519087e-14,-7.18885754701272e-13,-5.52232974660846e-18,5.52232974655471e-18,0,3.72023886254328e-15,0.00288250660383194,-0.000366187650551929,0,-0.00324869425438439,1.83835849396254e-14,0,-0.000167416471156653,-1.70513414837508e-17,0,0,0.146717480552255,-0.195476006916643,0,-7.06571211652118e-14,7.06571177927872e-14,7.81894314190631e-13,0,0,-0.000554769500820948,3.52439712548199e-20,-0.00168575384204647,1.27104380450080e-14,0,0,0,0,4.46600530492269e-17,5.90619955842657e-16,0,4.46600530492269e-17,9.05761317757389e-20,0,0,0,0,0,0,0,0,0,1,0,0,0,0,0,0,0,0
8.74412126282714e-10,2.41788554748244e-11,2.24767286520280,0,0,2.42010347387004e-11,0,0,2.95033689095769e-12,0,0,0,0,1.39863850577845e-13,0,3.46041042893816e-16,5.09577438268261e-28,3.11409986197338e-15,254.779874476769,-6.14332392230114e-11,-1.00000000020484,0,-3.91825392632029e-11,3.91776442286562e-11,259.390568221874,0,0,0,-8.88513952038250e-14,4.96262125327428,0.457677271029674,0,8.70255351647924e-10,0,-5.78063498097233e-15,2.11493336531274e-9,-2.01872170104263e-9,3.52100637533891e-10,-1.33518974485356e-9,-4.96262125308114,399.949856954810,-1191.44814706349,-829.498205178326,0,1.20490579584417e-9,-518.561068432859,255.449393860196,4.04948515632361e-9,0.457677269144116,1.80671616969641e-11,-9.37566417574962e-10,-1.00000000000000,0,-4.13938830672518e-14,1.39863850577845e-13,-3.39584873030872e-15,-983.251232578163,-1.15514245932838e-14,8.75683304454024e-10,-3.97262963746318e-15,-1.38540916729310e-9,-0.795596649904234,0,2.42573592955206e-9,2.01882979945039e-9,0,9.37566417574962e-10,0.191928066464985,-1597.07992977472,0,0,1696.95332341046,0,0,0,-8.89883216625480e-14,-1695.25104685107,-259.390568220725,1599.98406525099,0,509.160426810485,2.24767286520335,1.03407582121961e-12,-4.66893824685558e-12,0,0,-2.41788554748244e-11,-2.09089007368100e-13,-1.65432220495347e-9,2.08944997211011e-13,-1.75204466306794e-16,0,5.27069802812877,5.27069802833379,1.49159175916594e-11,0,0,-5.44468695048282e-11,3.02678890989286e-11,3.36584577885786e-11,-3.37900734320088e-11,0,0,0,0,-8.91535912724709e-12,-5.44748056966846e-11,-1.65401652577770e-9,6.66668855794136e-14,-6.66668855798967e-14,0,-3.53191404002868e-12,-2.41663255480079,-12.6499518362623,0,-10.2333192814639,7.02599821912790e-11,0,0.168959689689826,2.98066593843566e-13,0,0,1695.25104684932,-1597.37206147002,0,-3.79434197377726e-10,3.79433994101449e-10,2.01883604415734e-9,0,0,-0.795596649904219,1.00000000000000,17.3691743868012,6.14332392230117e-11,0,0,0,0,-8.86719620768506e-14,-2.95033689095769e-12,0,-8.86719620768506e-14,5.60543051467301e-15,0,0,0,0,0,0,0,0,0,0,1,0,0,0,0,0,0,0
-79.8859090610182,2.86753023299782,158794290786.271,0,0,2.86901825006368,0,-1.00000000000000,0.280957081843939,0,0,0,0,0.0357767481828077,0,2.48758738623640e-5,6.06067600279822e-17,0.000223652007675570,-64999939673441.4,-9.09780350061033,-72.7743478112705,0,-6.81644998384016,6.81665433548266,-64691125393703.5,0,0,0,-0.00728856478032582,355717257970.245,35665946273.2290,0,374.078795536925,0,-0.000415727430712658,558.021015478047,-569.238173903585,-172.317388384994,-329.695262509724,-355717257920.270,-5747621597898.60,-127633751812135.,139040474622778.,0,1.59277950832184,129321762602896.,-64955096716704.8,785.759246057280,35665945866.4572,2.22472377678096,-9.32408246454239,0,0,-0.00457148490301053,0.0357767481828077,0.000246364478670799,-42489992445429.0,0.00342317165773988,166.628620630207,-0.000146671845824201,-105.956127046202,-58299054292.1907,0,170.893044001477,506.736269462686,0,9.32408246454239,7538967998.89680,-131033398104841.,0,0,131813218938550.,0,0,0,-0.00729958939265471,-131681136534512.,64691125393401.6,131224000904453.,1.00142635071027,-129951397214659.,158794290786.314,0.215525543507360,-0.444617450016123,0,0,-2.86753023299782,0.000123139954366317,-467.243690673216,-0.000170534626691626,-1.27359332651881e-5,0,383136684273.423,383136684332.810,4.28756207418473,0,0,-6.47259981374685,3.60510498368644,0.488852258501515,-0.498603741475138,0,0,0,0,-3.21143196927443,-6.47461674475601,-467.235996618455,0.00450479650283196,-0.00450479650286551,0,2.04303987065106,-170110844867.260,-908964787117.779,0,-738853942250.787,12.3019641049210,0,11316554095.1328,0.00717537166404406,0,0,131681136534515.,-131031140470256.,0,-43.7809172353266,43.7808971238987,506.736726620554,0,0,-58299054292.1896,1.63805913400618e-5,1245010402944.34,9.09780350061036,0,0,0,0,-0.00727368945464874,-0.280957081843940,0,-0.00727368945464874,0.000402991497452157,0,0,0,0,0,0,0,0,0,0,0,0,1,0,0,0,0,0
-5344.36247929220,-49.2162557597637,-6967161424826.90,0,0,-49.2821943167372,0,0,-11.2190156315240,0,0,0,0,-0.502046850186117,0,-6.77846363893947e-5,-1.34815651670791e-15,-0.00259521428529800,3.79388244111171e+15,141.151342504149,-118.981358261713,0,67.9806435274291,-67.9979651911912,3.78133097791021e+15,0,0,0,0.171247180451448,-4926280891254.00,1333193164608.41,0,1246.68950549933,0,-0.995736384157038,-2483.45152156890,872.720440972684,-3424.45272540322,2111.22522171968,4926280891015.03,3.45588233093415e+15,4.63361462722507e+15,-4.45529025291652e+15,0,-5265.51544645780,-7.55969035266481e+15,3.79205984164411e+15,-6470.52088093279,1333193168347.30,-31.6568704073444,4261.41097918984,0,0,0.307918756814310,-0.502046850186117,-0.0181754077907426,-2.36159241603437e+15,-0.227909818557979,-2056.47551200344,-0.00710369551956165,5140.39298207861,-413291977643.390,0,-7802.36315333865,-2775.82512872063,0,-4261.41097918984,-178210260833.864,2.93831511153618e+15,0,0,-2.90784772168480e+15,0,0,0,0.171552831701425,2.90229240031921e+15,-3.78133097791894e+15,-2.94566226176663e+15,0,7.58528125371911e+15,-6967161424829.86,-1.79149739424315,17.7542067601270,0,0,49.2162557597637,-0.392370004378111,2116.30233706865,0.393791594905084,-9.37670464790790e-5,0,2820805871725.73,2820805871485.82,-5.05395348138384,0,0,114.217150257435,-64.9863283471248,-112.795138294929,111.054697063315,0,0,0,0,3.10672101519183,114.291918748055,2118.20413447472,-0.0973546225634233,0.0973546225626280,0,14.6977429108532,7427112018358.75,9532587037991.35,0,2105475019637.56,-144.097650781521,0,-459950593705.874,0.220856067816302,0,0,-2.90229240028682e+15,2.93827605672390e+15,0,664.243672164426,-664.237128420372,-2775.52942698199,0,0,-413291977643.265,-0.00628000597696025,-17241983120131.1,-141.151342504153,0,0,0,0,0.170919586542072,11.2190156315240,0,0.170919586542072,0.995642617110558,0,0,0,0,0,0,0,0,0,0,0,0,0,1,0,0,0,0
7034.94325728327,-3.81196809779827,10898148008771.5,0,0,-3.79711216269859,0,0,13.9206541918597,0,0,0,0,0.276297080782919,0,-0.00128574121667550,4.26652915119979e-16,-0.00575885353047404,-61772411981371.0,-37.8190803524146,1052.54497650718,0,36.9121671219340,-36.9197121122179,-43381043495411.8,0,0,0,-0.0163799266214663,-6822376450234.56,-6039658064528.54,0,-5868.49516994092,0,1.01234515145991,-3375.57827148426,6414.65797270740,5498.85105948453,1207.27486452664,6822376449932.38,-1.97483603900140e+15,-4.16109302505679e+15,-3.79511969860103e+15,0,5932.98462101392,81718537987753.5,-59101799140363.1,-3630.70712450363,-6039658064249.08,-17.5009455894623,-4797.31203964563,0,0,-0.335503979976407,0.276297080782919,-0.00325127972431923,-2.72167575598232e+15,0.157999055268103,367.843732476289,0.0135052669777524,-4446.33281657412,4691748150708.91,0,5084.78016767404,-2604.07148811654,0,4797.31203964563,92132010857.0668,-295613518998148.,0,0,660610759908173.,0,0,0,-0.0165567301326021,-652214614761225.,43381043506770.9,305837173339263.,0,-119216292981223.,10898148008772.4,-0.794990066201997,-22.0295773600708,0,0,3.81196809779827,-0.111022468195949,2638.24268401455,0.110684534878242,0.00103452726274695,0,-31121813955429.7,-31121813955786.7,-48.9503643262860,0,0,2.82196339251270,0.870713589394877,65.3327559980720,-62.3506427479830,0,0,0,0,37.7813986729128,2.98887133010443,2635.82350082821,0.0274588804815030,-0.0274588804810653,0,-56.4205392273635,-11572102965141.3,26372087440515.3,0,37944190405652.2,0.0872376283271121,0,673954956324.958,0.127528921724213,0,0,652214614790577.,-295629687629971.,0,17.6599754569887,-17.6811828460003,-2605.95862146345,0,0,4691748150709.04,-0.0657870066875202,-23878317575814.6,37.8190803524124,0,0,0,0,-0.0164107442984755,-13.9206541918596,0,-0.0164107442984754,-1.01131062419720,0,0,0,0,0,0,0,0,0,0,0,0,0,0,1,0,0,0
-1584.06362716144,-14.2950363057177,-2049979779765.69,0,0,-14.2683776553378,0,0,-4.42530323439846,0,0,0,0,-0.165591006417390,0,-0.000321138992488513,8.34964236568646e-17,-0.00288727064806052,839126906993434.,43.3041619717348,-21.6735667452665,0,17.5407236710350,-17.5077981242192,835140220649798.,0,0,0,0.0940928691856131,-4592187695147.75,-460435126338.247,0,321.243052193360,0,0.00536689842851019,-860.999165514088,262.549123225056,-884.895515725143,604.527030124684,4592187695081.64,-1.26366765098163e+15,1.64770791943214e+15,-3.53708622715376e+15,0,-1541.82466789563,-1.66949955958218e+15,838547999792611.,-2034.93785479163,-460435125317.117,-8.05871064236264,1167.22529679087,0,0,0.0590163006968012,-0.165591006417390,-0.00318048084466890,1.73276979114811e+15,-0.0441919709111126,-496.666945574635,0.00189348318469592,1377.81967301100,752620781499.651,0,-2176.67073090160,-816.108955498622,0,-1167.22529679087,-97325485891.4578,1.69159618635381e+15,0,0,-1.70166340574276e+15,0,0,0,0.0942351931467838,1.69995826719607e+15,-835140220652996.,-1.69405680309701e+15,0,1.67762792629512e+15,-2049979779762.08,-0.494906241371100,7.00308754174530,0,0,14.2950363057177,-0.00158969451052649,485.331346389425,0.00220154345561753,-0.999835583473142,-1.00000000000000,-4946163087870.52,-4946163087933.97,0.385879867383779,0,0,32.6221248000869,-18.3786171173135,-30.0216931561609,32.5430010810089,0,0,0,0,-1.00877597010752,32.6888011262451,483.708747083275,-0.0581553764676231,0.0581553764691029,0,7.05666279427246,2196072607323.04,11734423390386.4,0,9538350783066.13,-42.2047561339624,1.00000014602473,-146092827611.909,-0.0926315849409391,0,0,-1.69995826718616e+15,1.69156704110848e+15,0,332.163078980990,-332.082050505196,-818.369749210116,0,0,752620781499.552,0.0512086341307363,-16072656933276.4,-43.3041619717346,0,0,0,0,0.0939008338367859,4.42530323439858,0,0.0939008338367863,-1.00520248190165,0,0,0,0,0,0,0,0,0,0,0,0,0,0,0,1,0,0
34415.2676979127,124.552232429265,331769900977.666,0,0,124.883214182972,0,0,72.3991471798136,0,0,0,0,1.92486337125559,0,-0.00858599360283412,3.08968323153767e-15,-0.0612553441738409,-7.34513993520137e+15,-510.013191456991,3223.97213142233,0,-58.7213481112342,58.8589008492177,-7.33483404653963e+15,0,0,0,-0.774205678414597,-90363440645782.8,-26588920173510.9,0,-20516.4472307241,-1.07214886349755,0.118904369962806,-1966.80337401378,15579.1207854293,23808.8209578183,-2529.99799299428,90363440645689.0,3.19095610869532e+15,-1.04168241101452e+16,3.00089733038664e+16,0,32611.4178749718,1.46726170385767e+16,-7.34364341590371e+15,8062.71418673755,-26588920183980.2,29.0578535765754,-25212.5534507116,0,0,0.0411145652235041,1.92486337125559,0.0250840398682120,1.08646496611357e+15,0.112430111993791,6456.45831007264,0.0312363717973676,-26620.2353071524,25833597937579.9,0,35923.1997731754,917.653864410597,-1.00000000000000,25212.5534507116,2001834432661.61,-9.41112704959091e+15,0,0,7.90798456319533e+15,0,0,0,-0.775131914920018,-7.90461536280132e+15,7.33483404659321e+15,9.42057588755667e+15,0,-1.46936294871772e+16,331769900979.414,2.47463393052458,-114.572389459508,0,0,-124.552232429265,1.31193148553301,1157.71924391338,-1.30428882381513,0.00557848753642527,0,-167818343241231.,-167818343241502.,-131.175994381473,0,0,-296.452586417350,171.558267333148,494.830295204899,-494.412029164174,0,0,0,0,112.901442650187,-296.696979749379,1156.96552477205,0.978708767498207,-0.978708767499754,0,-154.508159510051,-709431017709.577,257472352868968.,0,258181783886676.,396.329748505231,0,377661117080.596,-0.536864276539196,0,0,7.90461536280162e+15,-9.41094919446478e+15,0,-1944.29328519602,1944.17647498279,916.697354821796,0,0,25833597937579.5,0.0510337883030054,-316272042258327.,510.013191456996,0,0,0,0,-0.772412623963470,-72.3991471798136,0,-0.772412623963470,-0.113325882426481,0,0,0,0,0,0,0,0,0,0,0,1.00000000000000,0,0,0,0,1,0
273341.696611614,164.506598296784,39689507347233.7,0,0,165.130613707477,0,0,540.482536649348,0,0,0,0,12.5710656309315,0,-0.171611465099003,5.60354083140370e-15,0.0437289324395395,-2.20520198181760e+16,-2156.29291089574,37116.1243234031,-1.00000000000000,1002.19467257780,-1002.15851138231,-2.19666306409488e+16,0,0,0,-2.26696563968014,504121859669970.,-516711516168636.,0,-214853.506465167,-1.07214886349755,0.196883836746736,-98963.6815598840,218492.295509089,201693.610222270,25431.3822786617,-504121859678435.,5.41001179540261e+15,-4.55489949624280e+16,7.32773546425272e+16,0,241689.967521272,4.39207540577704e+16,-2.20396204453543e+16,-84813.7848600834,-516711516189096.,-465.308506340867,-189391.705967147,0,0,-1.49654062021133,12.5710656309315,0.0749310773410611,-9.31194445800473e+15,1.31162177218096,25016.0537002620,-0.0529899533500649,-186920.525245592,510453313094352.,0,222604.333069786,-67202.0191133368,0,189391.705967147,5348187938276.60,-3.62472408999753e+16,0,0,3.34230498803051e+16,0,0,0,-2.27028610115062,-3.33892728232293e+16,2.19666306413674e+16,3.63007592646799e+16,0,-4.40948521645284e+16,39689507347241.6,-17.9525441668862,-855.319131470622,0,0,-164.506598296784,2.20582245028787,72731.0704001093,-2.19384972499885,0.0353619662669993,0,-1.06379848545525e+15,-1.06379848546531e+15,-1732.34774757822,0,0,-493.150019795735,328.050844102248,2910.40331709814,-2913.67165101645,0,0,0,0,1330.82321494720,-493.468100538291,72730.7496476093,1.81882906301668,-1.81882906302060,0,-1409.97759534283,-42818608867054.5,516858016917239.,0,559676625784320.,823.229073784127,0,3129101519295.68,0.0641380490220781,0,0,3.33892728232233e+16,-3.62474528204750e+16,0,-3796.21838100180,3796.08828945464,-67202.1603001286,0,0,510453313094343.,-0.00531326979392108,1.76442650885031e+15,2156.29291089575,0,0,0,0,-2.26213783526516,-540.482536649348,0,-2.26213783526516,-0.161521870480938,0,0,0,0,0,0,0,0,0,0,0,1.00000000000000,0,0,0,0,0,1
