,minimum,maximum
10FTHFGLULL,0.0,0.0
2DHPFALDL,0.0,0.0
2HBO,0.0,0.0
2OH3K5MPPISO,0.0,0.0
34DHOXPEGOX,0.0,0.0
34HPPOR,0.0,0.0
3HAO,0.0,0.0
3HBCOAHL,-39.6593886462883,0.0
3HLYTCL,0.0,0.0
3OAR100,0.0,0.0
3OAR120,0.0,0.0
3OAR40_1,0.0,0.0
3OAR60,0.0,0.0
3OAR80,0.0,0.0
3OAS80,0.0,0.0
4ABUTD,0.0,0.0
4CMLCL_kt,0.0,0.0
4HTHRS,0.0,0.0
56DH5FLURAAMH,0.0,0.0
5FLURAPRT,0.0,0.0
5HLTDL,0.0,0.0
5HXKYNDCL,0.0,0.0
A5PISO,-0.75031793132682,-0.7503179313268196
AACOAR_syn,0.0,0.0
AACOAT,0.0,0.0
AASPh,-2.16333782204115,0.0
ABUTD,0.0,0.0
ACACT1,-0.8518433707350399,0.0
ACACT10m,-0.8518433707350399,39.659388646288235
ACACT2,0.0,0.0
ACACT3,0.0,0.0
ACACT4m,0.0,0.0
ACACT5m,0.0,0.0
ACACT6m,0.0,0.0
ACACT7m,-8.49936413734636,0.0
ACALDt,-465.6755362789915,0.0
ACAS_2ahbut,-42.929217120395634,-2.4179851033723487
ACBIPGT,-0.03096466851925,-0.030964668519249984
ACCOAC,-1000.0,1000.0
ACCOAC_1,0.0,0.0
ACCOAL,0.0,0.0
ACGApts,-8.99957609156424,10.0
ACGK,-2.49793289553266,0.0
ACGS,-2.49793289553266,0.0
ACOA40OR,0.0,0.0
ACOAD1,0.0,0.0
ACOAD10m,-39.65938864628875,0.0
ACOAD2,0.0,0.0
ACOAD3,0.0,0.0
ACOAD4,0.0,0.0
ACOAD5,0.0,0.0
ACOAD6,0.0,0.0
ACOAD7,0.0,8.499364137346362
ACOAD8m,-0.8518433707350399,0.0
ACOAD9m,-39.659388646288775,0.0
ACOADH2,-19.82969432314446,0.0
ACOATA,0.0,0.0
ACODA,-2.49793289553266,0.0
ACONTa,0.0,1000.0
ACONTb,0.0,999.9999999999999
ACOTA,0.0,2.49793289553266
ACPh,-1000.0,0.0
ACPS1,0.030964668519249984,0.03096466851925
ACS,-987.4619017910252,0.0
ACt4pp,0.0,0.0
ACYP_2,0.0,0.0
ADA,0.0,975.107901618321
ADCL,0.09289400555775051,0.09289400555774946
ADCS,-0.09289400555775051,-0.09289400555774963
ADCYRS,0.0,0.0
ADECn,0.0,0.0
ADK1,8.923253676863677,1000.0
ADK2,-0.03096466851925,-0.030964668519249984
ADMDC,0.0,0.0
ADNK1,-10.123858674072324,985.8902910224106
ADNt2,-19.325307495371792,10.0
ADNUC,-987.4619017910233,0.0
ADOCBIK,-1000.0,998.4291791083282
ADOCBLS,0.030964668519231946,0.03096466851925
ADPRDP,0.0,0.0
ADPT,-987.4619017910242,0.0
ADSL1r,-967.3482897135951,0.0
ADSL2r,-2.442157862887467,0.0
ADSS,0.0,967.348289713606
AFAT,0.03096466851903159,0.03096466851923198
AGDC,-986.9616898368076,10.000000000000002
AGDI,-0.03096466851925,0.0
AGGPR,-2.4979328955326605,4.8948499574584545e-15
AGMHE,1.0004239084357596,1.0004239084357598
AGPAT120,0.0,0.0
AGPAT140,0.0,0.0
AGPAT141,0.0,0.0
AGPAT160,0.0,0.0
AGPAT161,0.0,0.0
AGPAT180,0.0,0.0
AGPAT181,0.0,0.0
AGTi,-1000.0,0.0
AICART,0.7926360007377578,5.676951726512094
AIRCr,-1000.0,0.0
AKGDH,-409.36413236749513,0.0
AKGDHe2r,-409.36413236749553,0.0
AKGt2r,-215.7004221757461,10.0
AKP1,-0.09289400555766791,-0.09289400555774918
ALAALAr,0.25010597710893984,0.25010597710893995
ALAR,-1000.0,1000.0
ALCD19,-286.2862181525499,0.0
ALCD2ir,-10.0,367.14975029616386
ALDD22x,0.0,0.0
ALDD2x,-996.9616898368093,0.0
ALDD31,-2.1633378220412913,0.0
ALKP,0.0,0.0
AM6PTh,0.0,0.0
AMAOTr,0.0,0.0
AMID,0.0,0.0
AMID2,0.0,0.0
AMID3,0.0,0.0
AMID4,0.0,0.0
AMID5,0.0,0.0
AMMQT8_2,0.030964668519249984,0.030964668519249967
AMPTASECG,-999.9690353314807,0.03096466851925
ANNAT,-0.06192933703862025,-0.061929337037938126
ANS,0.0,0.0
ANS2,0.0,0.0
AOOA,0.7926360007371596,5.676951726512129
AOXHEXCYCL,0.0,0.0
AOXSr,0.0,0.0
APAPTm,0.0,0.0
APATr,-0.06192933703865649,379.1114926421741
APLh,-47.84938172037947,-7.33814970335618
APPAT,-0.06192933703868538,-0.0619293370386913
APRAUR,-0.06192933703849619,-0.06192933703849616
APSR,-2.163337822041272,0.0
ARBTptspp,0.0,0.0
ARD_1,0.0,0.0
ARGDC,-0.03096466851925,0.0
ARGN,-1000.0,0.0
ARGORNt7,2.4669682270133535,10.0
ARGSL,0.0,0.0
ARGSS,0.0,0.0
ASAD,0.0,1000.0
ASNN,0.0,0.0
ASNS1,-2.00830806928348,-2.008308069283479
ASP1DC,-379.1734219792119,0.0
ASPATh,-1000.0,5.983383861432799
ASPCT,0.0,70.30941150234769
ASPK,-1000.0,0.0
ASPt2_2,-130.6188230046957,10.0
ATDAMh,0.0,29.3253074953727
ATDGDm,-0.16020671834625,-0.16020671834624992
ATGDm,-998.4291791083282,1000.0
ATPM,0.0,0.0
ATPPRT,-5.676951726512094,-0.7926360007371596
ATPS4r,-829.013001102719,430.8119601223536
AUS,0.06192933703849991,0.06192933703848198
BACCL,0.0,0.0
BCTA_glu_h,-1000.0,996.2461115245987
BCTA_val_h,-1000.0,1000.0
BDH,0.0,0.0
BETALDHx,0.0,0.0
BETALDHy,0.0,0.0
Biomass,9.999999999999995,10.0
BPNT,-2.1943024905614914,-0.030964668519249984
BTNC,0.0,0.0
BTND1,0.0,0.0
BTS4,0.0,0.0
CA2t3pp,-0.03096466851925,-0.030964668519249984
CAT,0.0,0.0
CBIAT,0.030964668519249984,0.03096466851925
CBL1abc,0.0,0.0
CBPS,-4.884315725774943,0.0
CD2t4pp,0.0,0.0
CDPGLC46DH,0.0,0.0
CDPMEK,-6.678072113089835,-3.0608124333908364
CHLt2,0.0,0.0
CHOLD,0.0,0.0
CHORM,2.7519609463795685,2.75196094637957
CHORS,2.8448549519373185,2.844854951937325
CITMCOAHm,0.0,0.0
CITt2r,-165.54477280335846,10.0
CLtex,0.030964668519249984,0.03096466851925
CMPA,-0.03096466851925,0.0
CMS,-6.678072113084558,-3.0608124333908364
CO2t,-516.2885431546204,10.0
COALDDH,0.0,0.0
COBALT2tex,0.030964668519249984,0.03096466851925
CPPPGO,-0.03096466851925,-0.030964668519249984
CPS,-70.30941150234756,4.884315725774929
CS,-1000.0,0.0
CSND,0.0,0.0
CTPS1,-8.998757125108499,1000.0
CTPS2,0.0,0.0
CU2abcpp,-0.03096466851925,-0.030964668519249984
CYARTMT,0.0,0.0
CYOO2pp,0.0,0.0
CYRDAAT,0.0,0.0
CYS,0.0,1000.0
CYSDS,-1000.0,0.0
CYSS,0.0,0.0
CYSS_trdrd,0.0,0.0
CYTBD2pp,-39.659388646288456,0.0
CYTBO3,-39.65938864628846,0.0
CYTD,0.0,78.3998495783873
CYTDt2,-42.266566385591794,10.0
CYTK1,-394.16988035541476,63.63039542159268
CYTK2,-78.39984957838756,0.0
DAAD,-1000.0,1000.0
DADA,0.0,39.325307495371575
DADNt2,-29.325307495372332,10.0
DAGK160,0.0,0.0
DALAt2pp,-130.61882300469387,10.0
DAPDA,0.0,0.0
DAPDC,0.25010597710893984,0.25010597710893995
DAPE,0.0,0.0
DASYN120,-379.2728037057963,0.0
DASYN140,0.0,0.0
DASYN141,0.0,0.0
DASYN160,-379.4449772829211,0.0
DASYN161,0.0,0.0
DASYN180,-379.2728037057962,0.0
DASYN181,0.0,0.0
DB4PS,0.1238586740769639,0.1238586740770066
DBTS,0.0,0.0
DCTPD,0.0,0.0
DCTPD2,-1000.0,0.0
DCYTD,0.0,88.39984957838736
DCYTt2,-48.9332330522556,10.0
DDGALK,0.0,0.0
DDGLCNt2r,-138.1431090762748,10.0
DDGLK,-9.999999999999998,138.14310907627487
DDPA,-2.844854951937319,-2.8448549519373203
DDPGA,0.0,0.0
DDPGALA,0.0,0.0
DGC3D,0.0,0.0
DGK1,-29.325307495373067,0.0
DGSNt2,-29.325307495373067,0.0
DHAD1,7.338149703356315,47.849381720379455
DHCIND,0.0,0.0
DHFR,0.09289400555774918,98.49274358394472
DHFS,-0.09289400555774924,-0.09289400555774963
DHNPA2r,-0.09289400555774924,-0.09289400555774963
DHORD2,-70.30941150234705,0.0
DHORD5,-70.30941150234702,0.0
DHORTS,0.0,70.30941150234659
DHPD,0.0,0.0
DHPM2,0.0,0.0
DHPPD,0.0,0.0
DHPPDA2,-0.061929337038446,-0.061929337038680234
DHPS2,0.0,0.09289400555774968
DHQS,2.844854951937318,2.8448549519373194
DHQTi,-2.8448549519373194,-2.844854951937318
DHRT_ivcoa,-0.8518433707350399,0.0
DINSt2,-39.32530749537186,0.0
DLDLBT,-0.123858674076892,-0.12385867407736047
DMATT,-0.6099124346921814,-0.28107064562818984
DMORh,-992.661850296644,1000.0
DMPH,0.0,29.32530749537167
DMPPS,0.0,0.6099124346920161
DMPPS_syn,-0.6099124346921811,0.0
DMTPHT,0.0,0.0
DNGALh,0.0,0.0
DPCOAK,-0.0619293370403525,-0.06192933703846389
DPR,0.06192933703903236,0.06192933703846393
DSERt2,0.0,0.0
DTMPK,-0.16020671834625003,-0.16020671834624992
DURIK1,-1000.0,0.0
DURIt2,-88.39984957838567,10.000000000000002
DUTPDP,0.0,0.0
DXPRIi,-6.678072113099578,-3.0608124333908218
DXPS,-6.678072113099578,-3.0608124333908218
E4PD,0.0,0.0
EAR100y,0.0,0.0
EAR120y,0.0,0.0
EAR140y,0.0,0.0
EAR40y,0.0,0.0
EAR60y,0.0,0.0
EAR80y,0.0,0.0
ECOAH1,0.0,0.0
ECOAH12,0.0,39.65938864628825
ECOAH3,0.0,0.0
ECOAH4,0.0,0.0
ECOAH5,0.0,0.0
ECOAH6,0.0,0.0
ECOAH7,-8.499364137346362,0.0
ECOAH9ir,-0.8518433707350399,39.65938864628826
EDA,-296.28621815254127,0.0
EDD,-286.28621815254127,0.0
EDTXS1,-0.25010597710894,-0.2501059771089399
EDTXS2,0.2501059771089399,0.25010597710894
ENO,0.0,1000.0
ETHAAL,0.0,389.3384968615799
ETHAt2pp,-130.6188230046922,10.0
ETOHti,-9.999999999999982,367.1497502961606
EX_2ddglcn_e,-10.0,138.14310907627407
EX_4hbz_e,-0.030964668519249727,-0.03096466851925328
EX_ac_e,0.0,0.0
EX_acald_e,0.0,465.6755362789887
EX_acgam_e,-10.0,8.999576091564244
EX_adn_e,-10.0,19.32530749537035
EX_akg_e,-10.0,215.70042217574635
EX_ala__D_e,-10.0,130.61882300469426
EX_arab__L_e,0.0,0.0
EX_arbt_e,0.0,0.0
EX_arg__L_e,-10.0,-2.466968227013406
EX_ASPt5n_e,-10.0,130.6188230046939
EX_Biomass_e,9.91778955273406,10.0
EX_ca2_e,-0.03096466851925,-0.030964668519249984
EX_cbl1_e,0.0,0.0
EX_cd2_e,0.0,0.0
EX_chol_e,0.0,0.0
EX_cit_e,-10.0,165.54477280335942
EX_cl_e,-0.03096466851925,-0.030964668519249984
EX_co2_e,-10.0,516.2885431546181
EX_cobalt2_e,-0.03096466851925,-0.030964668519249984
EX_cu2_e,-0.03096466851925,-0.030964668519249984
EX_cytd_e,-10.0,42.26656638559149
EX_dad_2_e,-10.0,29.325307495371632
EX_dcyt_e,-10.0,48.9332330522582
EX_dgsn_e,0.0,29.325307495371657
EX_din_e,0.0,39.325307495371646
EX_DNA_e,-10.0,-9.999999999999995
EX_duri_e,-10.0,88.39984957838733
EX_etha_e,-10.0,130.6188230046937
EX_etoh_e,-10.0,367.14975029616176
EX_fe2_e,-0.123858674077,0.0
EX_fe3_e,-0.123858674077,0.0
EX_for_e,0.0,5.162997742448184
EX_fru_e,-10.0,133.14310907627484
EX_fum_e,-10.0,253.31715920503837
EX_galt_e,0.0,0.0
EX_galur_e,0.0,0.0
EX_gam_e,-10.0,8.99957609156424
EX_glc__D_e,-10.0,133.1431090762749
EX_glcur_e,0.0,0.0
EX_gln__L_e,-10.0,-5.115684274225127
EX_glu__L_e,-10.0,130.6188230046906
EX_gly_e,-10.0,130.6188230046906
EX_glyb_e,0.0,0.0
EX_glyc_e,-10.0,253.0002599259131
EX_glycogen_e,0.0,0.0
EX_h_e,-10.0,1000.0
EX_h2o_e,0.0,494.1903584295553
EX_hdca_e,0.0,8.49936413734636
EX_hxan_e,-10.0,19.32530749537312
EX_ins_e,-10.0,19.32530749537312
EX_k_e,-0.03096466851925,-0.030964668519249984
EX_lys__L_e,-3.10448618201073,-3.1044861820107283
EX_mal__L_e,-10.0,253.1442715773095
EX_malt_e,-10.0,-1.7763568394002505e-15
EX_man_e,-10.0,133.1431090762745
EX_met__D_e,0.0,0.0
EX_met__L_e,-2.1633378220410635,0.0
EX_metox__R_e,0.0,0.0
EX_metsox_S__L_e,-2.163337822041066,-1.9984014443253165e-15
EX_mg2_e,-0.03096466851925,-0.030964668519249984
EX_mn2_e,-0.03096466851925,-0.030964668519249984
EX_mqn7_e,-0.0619293370385,-0.06192933703849997
EX_na1_e,0.0,0.0
EX_nh4_e,-10.0,130.61882300469415
EX_nmn_e,-0.06192933703800563,-0.06192933703835024
EX_no2_e,-10.0,10.0
EX_no3_e,-10.0,10.0
EX_o2_e,-20.0,-0.17030567685588593
EX_ocdca_e,-0.8518433707350398,-0.8518433707350394
EX_orn_e,2.4669682270134086,10.0
EX_pi_e,-10.0,-8.026949265615942
EX_ppi_e,0.0,0.9865253671920297
EX_pro__L_e,-10.0,-1.84354665339991
EX_protein_e,-10.0,-9.999999999999995
EX_ptrc_e,-0.03096466851925,0.0
EX_pyr_e,0.0,325.14728302421315
EX_q8_e,-10.0,0.0
EX_q8h2_e,0.0,10.0
EX_rna_c0,-10.0,-9.999999999999995
EX_salcn_e,0.0,0.0
EX_sbt__D_e,-10.0,133.14310907627583
EX_ser__D_e,0.0,0.0
EX_ser__L_e,-10.0,130.6188230046978
EX_so4_e,-2.1943024905607023,-0.030964668519249984
EX_spmd_e,-0.03096466851925,-0.030964668519249984
EX_succ_e,-10.0,304.0254618953179
EX_sucr_e,-10.0,61.57155453813745
EX_taur_e,-2.163337822041451,0.0
EX_thmmp_e,-0.03096466851923198,-0.030964668519231946
EX_thymd_e,-0.16020671834625064,98.23964286004153
EX_tre_e,-10.0,61.57155453813766
EX_trp__L_e,-0.47201919145022003,-0.47201919145021975
EX_tsul_e,-1.0816689110207263,0.0
EX_ttdca_e,-10.0,-1.5006358626536382
EX_uri_e,0.0,78.39984957838752
EX_xyl__D_e,-10.0,161.77173089153018
EX_zn2_e,-0.03096466851925,-0.030964668519249984
FA100ACPHi,0.0,0.0
FA80ACPHi,0.0,0.0
FACOAE160,0.0,0.0
FACOAE180,0.0,0.0
FACOAE1836Z9Z12Z,0.0,0.0
FACOAL140,-9.999999999999998,-1.5006358626536391
FACOAL160,0.0,0.0
FACOAL180,0.0,0.0
FAS140ACPm,1.2505298855446993,1.2505298855447
FBA,-1000.0,1000.0
FBA3,-1000.0,1000.0
FBP,0.0,1000.0
FCLT,0.030964668519249984,0.03096466851925
FDH,-5.162997742448185,0.0
FE2abc,0.0,0.123858674077
FE3abc,0.0,0.12385867407700002
FERO,0.0,19.829694323144114
FGFTh,-1000.0,0.0
FGLU,0.0,0.0
FK,0.0,0.0
FLVRx,0.0,0.0
FMNRx,0.0,0.0
FOLR2,0.0,0.0
FOMETRi,0.0,0.0
FORti,0.0,5.162997742448181
FPGFTh,0.0,1000.0
FPGS_tm,0.0,0.0
FPPSh,0.28107064562818984,0.6099124346920857
FRD,0.0,1000.0
FRD2,0.0,1000.0
FRD3,-0.0619293370385,-0.06192933703849997
FRD7,0.0,0.0
FRTT,-0.03096466851925006,-0.030964668519118277
FRUK,-10.0,133.14310907627623
FRUpts,-133.14310907627402,10.0
FT,0.0,0.0
FTCL,0.0,0.0
FTHFD,0.0,0.0
FUM,0.0,1000.0
FUMt2r,-253.31715920503763,10.0
G1PACT,-996.9616898368051,0.0
G1PTT,-0.25010597710893995,-0.25010597710893984
G1SAT,0.49543469630799974,0.495434696308
G3PAT120,0.0,0.0
G3PAT140,0.0,0.0
G3PAT141,0.0,0.0
G3PAT160,0.0,0.0
G3PAT160_1,-8.499364137346365,0.0
G3PAT161,0.0,0.0
G3PAT180,0.0,0.0
G3PAT181,0.0,0.0
G3PD,-1000.0,1000.0
G3PD1,-1000.0,1000.0
G3PD5,0.0,0.0
G3PD6,-1000.0,0.0
G3PD7,0.0,0.0
G3PL,0.0,0.0
G5DHx,0.0,2.49793289553266
G5SADrm,0.0,0.0
G6PBDH,-1000.0,0.0
G6PDA,0.0,18.99957609156424
G6PDH2r,-1000.0,663.9580483474583
G6PI,-1000.0,1000.0
G6PI3,-1000.0,1000.0
GALCTD,0.0,0.0
GALCTND,0.0,0.0
GALh,0.0,0.0
GALM1,0.0,0.0
GALT1,-0.25010597710893995,-0.25010597710893984
GALTpts,0.0,0.0
GALUi,-62.57197844657429,8.99957609156441
GAM,0.0,0.0
GAMpts,-10.000000000000002,8.999576091564242
GAPD,-1000.0,0.0
GAPDH_nadp_hi,0.0,1000.0
GART,-5.1629977424482325,0.0
GCC2cm,-399.60799756076756,9.756134806728431
GCCa,-1000.0,0.0
GCCb,-1000.0,0.0
GCCc,-1000.0,0.0
GCL,-1000.0,0.0
GDH,-1000.0,1000.0
GF6PTA,0.0,0.0
GGGABADr,0.0,0.0
GGTT,-0.03096466851925,-0.030964668519231964
GHMT,0.0,1000.0
GK1,-998.1397303401549,1000.0
GK2,-998.2999370585011,999.8397932816538
GLCabcpp,-1000.0,0.0
GLCpts,-10.0,1000.0
GLCTR2,-0.25010597710893995,-0.25010597710893984
GLCTR3,-0.25010597710893995,-0.25010597710893984
GLNabc,5.115684274224918,10.0
GLNSP1,0.0,0.0
GLNSP2,0.0,0.0
GLNSP3,0.0,0.0
GLU5K,-2.49793289553266,1.8735013540549517e-16
GLUFORT,0.0,0.0
GLUFT,0.0,0.0
GLUK_syn,0.0,0.0
GLUPRT,-2.442157862887541,0.0
GLUR,-0.25010597710893995,-0.25010597710893984
GLUS_nadph,0.0,4.884315725774953
GLUt2r,-130.6188230046999,9.999999999999998
GLUTCOADHc,0.0,0.0
GLUTRR,-0.495434696308,-0.49543469630799974
GLUTRS,-0.495434696308,-0.49543469630799974
GLXO1,0.0,0.0
GLYALDDr,-286.2862181525433,0.0
GLYAMDTRc,0.0,0.0
GLYAT,-1000.0,996.3256464964381
GLYBabc,0.0,0.0
GLYCDH_1,0.0,1000.0
GLYCK,0.0,0.0
GLYCK2,-6.862203113436968e-13,1000.0
GLYCL,-1000.0,1000.0
GLYCLTDx,0.0,0.0
GLYCLTDy,0.0,0.0
GLYCOR_nadp,-999.9999999999998,0.0
GLYCt,-253.0002599259139,10.0
GLYK,-10.0,276.2862181525461
GLYt2m,-130.61882300469475,10.000000000001625
GMHEPAT,-1.0004239084357598,-1.0004239084357596
GMP5N,0.0,0.0
GMPS2,-4.884315725774059,0.0
GND,-568.760132968822,0.0
GNK,-10.0,0.0
GNNUC,-30.99440576835333,0.0
GPAR,-30.99440576835333,0.0
GPDDA1,0.0,0.0
GPDDA2,-379.3384968615811,0.0
GPDDA4,0.31944126402563977,0.31944126402564
GTPCI,-0.09289400555764188,0.0
GTPCII2,-0.06192933703848198,-0.06192933703850324
GTPDPK,0.0,0.0
GUAD,0.0,0.0
GUDBUTNAH,-7.533031772986591,1000.0
H2Ot,-494.1903584295596,0.0
HACD1,0.0,0.0
HACD2,0.0,0.0
HACD3,0.0,0.0
HACD4,0.0,0.0
HACD5,0.0,0.0
HACD6,0.0,0.0
HACD7,0.0,8.499364137346362
HACD9,-39.6593886462883,0.8518433707350399
HACDp,0.0,0.0
HADPCOADH3,0.0,0.0
HCO3E,-1000.0,1000.0
HDC,0.0,0.0
HDCAt2,-8.49936413734636,0.0
HDH,-5.676951726512469,999.2073639992628
HEPK1,-0.25010597710894,-0.25010597710893984
HEPK2,-0.25010597710894,-0.25010597710893984
HEPT1,-0.25010597710894,-0.25010597710893984
HEPT2,-0.25010597710894,-0.25010597710893984
HEPT3,-0.25010597710894,-0.25010597710893984
HEPT4,-0.25010597710894,-0.25010597710893984
HEX1,-1000.0,0.0
HEXTT,0.03096466851924971,0.030964668519249745
HGNTOR,0.0,0.0
HIBDkt,-39.65938864628831,-1.349797466781114e-14
HISDr,0.0,4.884315725775161
HISTP,-5.676951726512141,-0.7926360007371613
HIUH,0.0,0.0
HKt,-0.0619293370385,0.0
HKYNH,0.0,0.0
HMBS,0.06192933703849997,0.0619293370385
HMGL,0.0,0.8518433707350399
HPPK2,-0.09289400555769589,0.0
HPYRDC,0.09289400555769584,0.09289400555780963
HSDH,0.0,0.0
HSDx,0.0,1000.0000000000007
HSERTA,-44.23819601482289,0.0
HSK,-1000.0,0.0
HSPMS,0.0,0.0
Ht,0.0,0.0
HXAND,-969.3537652634451,0.0
HXANt2pp,-19.32530749537082,9.999999999999998
HXPRT,-968.2271239291841,0.0
HYD1,0.0,0.0
IBPHn,0.0,0.0
ICDHx,-379.17342197921306,0.0
ICH,-5.67695172651211,-0.7926360007371613
ICL,-1000.0,0.0
IDPh,12.538098208973596,1000.0
IDS1,0.0,6.0681596784041005
IG3PS,0.7926360007371596,5.676951726512261
IGPDH,0.7926360007371596,5.676951726512261
IGPS,0.0,0.0
IMACTD,0.0,0.0
IMDHT,-4.60573184613631,-3.753888475401268
IMDHT_3c2hmp,3.753888475401268,4.60573184613631
IMPD,-30.99440576835167,967.6846669904679
INSH,-986.2369148959323,0.0
INSt2,-19.325307495372666,10.0
IPDPS,0.0,6.068159678404082
IPMD,-4.60573184613631,-3.753888475401268
IPPS,-4.60573184613631,-3.753888475401268
ITCY,-9.999999999999998,68.39984957838708
IZPN,0.0,4.884315725774934
KARI,2.4179851033723487,42.92921712039614
KARI_23dhmb,-1000.0,992.6618502966437
KARI_23dhmp,2.4179851033723487,42.92921712039591
KARI_3hmoa,-992.6618502966439,1000.0
KDOCT,-0.75031793132682,-0.7503179313268196
KDOPP,0.7503179313268196,0.75031793132682
KDOPS,0.7503179313268196,0.75031793132682
Kt1,0.0,0.0619293370385
KYN3OX,0.0,0.0
L_LACD2,0.0,0.0
L_LACD3,0.0,0.0
L_LACDcm,0.0,0.0
LCADi,0.0,0.0
LDH_L,0.0,0.0
LPLIPAL1A120pp,0.0,379.2728037057971
LPLIPAL1A140pp,0.0,0.0
LPLIPAL1A141pp,0.0,0.0
LPLIPAL1A160pp,0.0,379.2728037057971
LPLIPAL1A180pp,0.0,379.2728037057971
LPLIPAL2A120,0.0,379.2728037057971
LPLIPAL2A140,0.0,0.0
LPLIPAL2A141,0.0,0.0
LPLIPAL2A160,0.0,379.2728037057971
LPLIPAL2A180,0.0,379.2728037057971
LPLIPAL2E160,0.0,0.0
LPLIPAL2E180,-379.16632328445445,0.10648042134187113
LTDCL,0.0,0.0
LYSRC,0.0,0.0
LYSt2m,-3.1044861820107306,-3.104486182010729
MALS,-574.4542408710413,0.0
MALT,0.0,10.0
MALt2_2,-253.1442715772868,10.0
MALTabc,4.005684672847565e-12,10.0
MALTpts,0.0,0.0
MAN1PT2,0.0,1.3153671562560894
MAN6PI,-133.14310907627518,9.999999999999986
MANAO,0.0,0.0
MANpts,-133.14310907627518,9.999999999999986
MATm,-0.1548233425962599,-0.15482334259624914
MCCC,0.0,0.8518433707350399
MCITD,-39.65938864628823,0.0
MCITL2,0.0,39.659388646288335
MCITS,-39.659388646288235,0.0
MCLOR,0.0,0.0
MCOATA,-9.97201447171154,-9.972014471711535
MCPST,0.0,0.0
MCS,-6.678072113094644,-3.060812433390837
MCSNAH,0.0,0.0
MDH,-1000.0,0.0
MDHC_nadp_hr,-1000.0,0.0
MECDPDH2,3.060812433390865,6.6780721130939185
METabc,-2.1633378220412864,0.0
METDabc,0.0,0.0
METSOX1abcpp,-2.1633378220412864,0.0
METSOXR1,-2.1633378220412864,0.0
MG2abc,-0.03096466851925,0.0
MG2t,0.0,0.03096466851925
MGC,0.0,0.8518433707350399
MI1PP,0.0,0.0
MI3PP,0.0,0.0
MI4PP,0.0,0.0
MICITDr,-39.65938864628304,0.0
MIHKPP,0.0,0.0
MMSAD3,-1000.0,1000.0
MMSDH,-39.659388646288484,0.0
MN2t3pp,0.030964668519249984,0.03096466851925
MNXR10704,0.0,0.0
MNXR10705,0.0,0.0
MNXR12173,0.0,0.0
MNXR14387,0.0,0.0
MNXR14507,0.0,0.0
MNXR14578,-1000.0,1000.0
MNXR14719,0.0,0.0
MNXR14762,0.0,0.0
MNXR14768,-1.3089788944268945,0.8543589276142924
MNXR15065,0.0,42.9292171203954
MNXR15262,-1000.0,1000.0
MNXR15436,0.0,0.0
MNXR15510,0.0,0.0
MNXR15609,0.0,0.0
MNXR15641,0.0,0.0
MNXR15642,0.0,0.0
MNXR15797,0.0,0.0
MNXR15867,-0.03096466851925,-0.030964668519249984
MNXR1587,-0.09289400555769595,0.0
MNXR15972,0.0,0.0
MNXR15973,0.0,0.0
MNXR160,-1000.0,1000.0
MNXR16018,0.0,0.0
MNXR16204,0.0,0.0
MNXR16236,0.0,0.0
MNXR16239,0.0,0.0
MNXR16307,0.0,0.0
MNXR16994,0.0,0.0
MNXR16995,0.0,0.0
MNXR17004,0.0,0.0
MNXR17026,0.0,0.0
MNXR17153,0.0,0.0
MNXR17265,0.0,0.0
MNXR17268,0.0,0.0
MNXR17296,0.0,0.0
MNXR17297,0.0,0.0
MNXR17649,0.0,0.0
MNXR17653,0.0,0.0
MNXR17657,0.0,0.0
MNXR17827,0.0,0.0
MNXR17833,0.0,0.0
MNXR17835,0.0,0.0
MNXR17903,0.0,0.0
MNXR17904,0.0,0.0
MNXR17916,0.0,0.0
MNXR17974,0.0,0.0
MNXR17999,0.0,0.0
MNXR18003,0.0,0.0
MNXR18214,0.0,0.0
MNXR1991,0.0,0.0
MNXR20056,0.0,0.0
MNXR2062,0.0,0.0
MNXR22677,0.0,0.0
MNXR2293,0.0,0.0
MNXR27601,0.0,0.0
MNXR27602,0.0,0.0
MNXR27603,0.0,0.0
MNXR27604,0.0,0.0
MNXR27605,0.0,0.0
MNXR27606,0.0,0.0
MNXR27634,-0.8518433707350399,-0.8518433707350395
MNXR27635,0.8518433707350395,0.8518433707350399
MNXR27636,0.8518433707350395,0.8518433707350399
MNXR27638,-0.8518433707350399,-0.8518433707350395
MNXR27639,0.8518433707350395,0.8518433707350399
MNXR27640,0.8518433707350395,0.8518433707350399
MNXR27642,-0.8518433707350399,-0.8518433707350395
MNXR27643,0.8518433707350395,0.8518433707350399
MNXR27644,0.8518433707350395,0.8518433707350399
MNXR27646,0.8518433707350395,0.8518433707350399
MNXR27647,-0.8518433707350399,-0.8518433707350395
MNXR27648,0.8518433707350395,0.8518433707350399
MNXR27650,0.8518433707350395,0.8518433707350399
MNXR27651,-0.8518433707350399,-0.8518433707350395
MNXR27652,0.8518433707350395,0.8518433707350399
MNXR27654,0.8518433707350395,0.8518433707350399
MNXR27655,-0.8518433707350399,-0.8518433707350395
MNXR27656,0.8518433707350395,0.8518433707350399
MNXR27659,-0.8518433707350399,-0.8518433707350395
MNXR27660,0.8518433707350395,0.8518433707350399
MNXR27661,0.8518433707350395,0.8518433707350399
MNXR27663,-0.8518433707350399,-0.8518433707350395
MNXR27664,0.8518433707350395,0.8518433707350399
MNXR27665,0.8518433707350395,0.8518433707350399
MNXR27667,-0.8518433707350399,-0.8518433707350395
MNXR27668,0.8518433707350395,0.8518433707350399
MNXR27669,0.8518433707350395,0.8518433707350399
MNXR27671,0.8518433707350395,0.8518433707350399
MNXR27672,-0.8518433707350399,-0.8518433707350395
MNXR27673,0.8518433707350395,0.8518433707350399
MNXR27675,0.8518433707350395,0.8518433707350399
MNXR27676,-0.8518433707350399,-0.8518433707350395
MNXR27677,0.8518433707350395,0.8518433707350399
MNXR27679,0.8518433707350395,0.8518433707350399
MNXR27680,-0.8518433707350399,-0.8518433707350395
MNXR27681,0.8518433707350395,0.8518433707350399
MNXR27684,0.0,0.0
MNXR27686,0.0,0.0
MNXR27688,0.0,0.0
MNXR27690,0.0,0.0
MNXR27692,0.0,0.0
MNXR27694,0.0,0.0
MNXR27696,0.0,0.0
MNXR27698,0.0,0.0
MNXR27700,0.0,0.0
MNXR27702,0.0,0.0
MNXR27704,0.0,0.0
MNXR27706,0.0,0.0
MNXR2772,0.0,0.0
MNXR27735,0.0,0.0
MNXR27737,0.0,0.0
MNXR27805,0.0,0.0
MNXR27856,0.030964668519231964,0.03096466851923198
MNXR2786,-1.0004239084357598,-1.0004239084357593
MNXR2826,0.0,1.0816689110203934
MNXR2832,-1000.0,0.0
MNXR28652,0.0,0.0
MNXR28653,0.0,0.0
MNXR28654,0.0,0.0
MNXR28660,0.0,0.0
MNXR28662,-0.42592168536751995,-0.42592168536751973
MNXR28663,-0.42592168536751995,-0.42592168536751973
MNXR28664,0.0,0.0
MNXR28665,0.0,0.0
MNXR28666,0.0,0.0
MNXR28667,0.0,0.0
MNXR28671,-0.42592168536751995,-0.42592168536751973
MNXR28672,-0.42592168536751995,-0.42592168536751973
MNXR28673,0.0,0.0
MNXR28674,0.0,0.0
MNXR28675,0.0,0.0
MNXR28676,0.0,0.0
MNXR28683,-0.10648042134187999,-0.10648042134187993
MNXR28684,-0.10648042134187999,-0.10648042134187993
MNXR28685,0.0,0.0
MNXR28686,0.0,0.0
MNXR28687,0.0,0.0
MNXR28688,0.0,0.0
MNXR28689,0.10648042134187993,0.10648042134187999
MNXR28690,0.10648042134187993,0.10648042134187999
MNXR28691,0.0,0.0
MNXR28692,0.0,0.0
MNXR28693,0.0,0.0
MNXR28694,0.0,0.0
MNXR28710,0.0,0.0
MNXR28711,0.0,0.0
MNXR28712,0.0,0.0
MNXR28713,0.0,0.0
MNXR28714,0.0,0.0
MNXR28715,0.0,0.0
MNXR28716,-0.31944126402564,-0.3194412640256398
MNXR28717,-0.31944126402564,-0.3194412640256398
MNXR28718,0.0,0.0
MNXR28719,0.0,0.0
MNXR28720,0.0,0.0
MNXR28721,0.0,0.0
MNXR28722,0.3194412640256398,0.31944126402564
MNXR28723,0.3194412640256398,0.31944126402564
MNXR29077,-0.9865253671918047,0.0
MNXR29256,0.0,0.0
MNXR2929,0.0,0.0
MNXR2930,0.0,0.0
MNXR29604,0.0,0.0
MNXR29606,0.0,0.0
MNXR29607,0.0,0.0
MNXR31648,-0.03096466851925,999.9690353314818
MNXR3231,0.0,0.0
MNXR32524,1.2067660460661194,1.20676604606612
MNXR3277,-1000.0,1000.0
MNXR3279,-379.44497728292293,0.0
MNXR3312,-1000.0,1000.0
MNXR33771,0.0,0.0
MNXR33785,0.0,0.0
MNXR33807,0.0,0.0
MNXR34453,0.0,0.0
MNXR3469,0.0,0.0
MNXR3495,-0.7305002535373266,1.4328375685039196
MNXR3536,0.0,0.0
MNXR35657,-379.1734219792118,0.0
MNXR40035,0.0,0.0
MNXR40622,-7.533031772986591,1000.0
MNXR4313,-1000.0,1000.0
MNXR4335,-1000.0,1000.0
MNXR4402,-1.20676604606612,0.0
MNXR4403,-1.20676604606612,0.0
MNXR4458,0.0,0.0
MNXR46338,0.0,0.0
MNXR47135,0.0,0.0
MNXR5314,0.25010597710893984,0.25010597710894
MNXR53357,-0.8518433707350399,-0.8518433707350395
MNXR53358,-0.8518433707350399,-0.8518433707350395
MNXR53359,0.0,0.0
MNXR53360,0.0,0.0
MNXR53361,0.8518433707350395,0.8518433707350399
MNXR53362,0.0,0.0
MNXR53363,0.8518433707350395,0.8518433707350399
MNXR53364,0.0,0.0
MNXR53365,0.0,0.0
MNXR53366,-1.5006358626536398,-1.5006358626536391
MNXR53368,0.0,0.0
MNXR5404,0.0,379.1734219792106
MNXR5449,0.0,0.0
MNXR5475,0.030964668519249984,0.03096466851925
MNXR55674,0.25010597710893984,0.25010597710893995
MNXR55989,-0.25010597710893995,-0.25010597710893984
MNXR55990,-0.5789477661726699,-0.25010597710893984
MNXR5630,0.0,0.0
MNXR5681,0.0,0.0
MNXR5689,0.0,0.0
MNXR5724,0.0,0.0
MNXR5727,0.0,0.0
MNXR57329,0.0,0.0
MNXR5765,0.0,0.0
MNXR578,-0.1238586740770099,-0.12385867407699991
MNXR58251,-1000.0,0.0
MNXR5856,0.0,0.0
MNXR58824,1.0004239084357593,1.0004239084357598
MNXR5887,0.0,0.0
MNXR5910,0.0,0.0
MNXR59227,-1000.0,0.0
MNXR5927,0.0,0.0
MNXR59665,0.0,0.0
MNXR59713,0.0,0.0
MNXR59771,0.0,0.0
MNXR59886,0.0,0.0
MNXR60025,-0.030964668519253297,-0.030964668519250005
MNXR6030,0.0,0.0
MNXR60319,0.0,0.0
MNXR60320,0.0,0.0
MNXR60327,0.0,0.0
MNXR6043,0.030964668519249984,0.03096466851925
MNXR60581,0.0,0.0
MNXR60651,0.0,0.0
MNXR60681,0.0,0.0
MNXR60682,0.0,0.0
MNXR60684,0.0,0.0
MNXR60685,0.0,0.0
MNXR60686,0.0,0.0
MNXR60687,0.0,0.0
MNXR60688,0.0,0.0
MNXR60689,0.0,0.0
MNXR60692,0.0,0.0
MNXR6106,0.0,0.0
MNXR6164,0.0,0.0
MNXR61873,0.0,0.0
MNXR6274,0.0,0.0
MNXR6283,0.0,0.0
MNXR62992,0.0,0.0
MNXR6311,0.0,0.0
MNXR6332,0.0,0.0
MNXR63965,0.0,0.0
MNXR63966,0.0,0.0
MNXR63967,0.0,0.0
MNXR63968,0.0,0.0
MNXR63969,0.0,0.0
MNXR63971,0.0,0.0
MNXR63972,0.0,0.0
MNXR63973,0.0,0.0
MNXR63975,0.0,0.0
MNXR6493,0.0,0.0
MNXR6494,0.0,0.0
MNXR6532,0.0,0.0
MNXR6539,0.0,0.0
MNXR65450,0.0,0.0
MNXR65498,0.0,0.0
MNXR6555,0.0,0.0
MNXR6631,0.0,0.0
MNXR67415,0.25010597710893984,0.25010597710893995
MNXR6834,0.0,0.0
MNXR6908,0.0,0.0
MNXR69161,0.0,0.0
MNXR69337,0.0,0.0
MNXR69346,0.0,0.0
MNXR69352,0.0,0.0
MNXR6969,0.0,0.0
MNXR69693,0.0,0.0
MNXR69694,0.0,0.0
MNXR6970,0.0,0.0
MNXR69727,0.0,0.0
MNXR69749,0.0,0.0
MNXR69763,0.0,0.0
MNXR69802,0.0,0.0
MNXR69813,0.0,0.0
MNXR69814,0.0,0.0
MNXR70083,0.0,0.0
MNXR70220,0.0,0.0
MNXR70329,0.0,0.0
MNXR70375,-409.3641323674961,0.0
MNXR7063,0.0,0.0
MNXR70958,0.0,0.0
MNXR71149,0.0,0.0
MNXR71171,0.0,0.0
MNXR7118,0.0,0.0
MNXR71184,0.0,0.0
MNXR71295,0.0,0.0
MNXR7133,0.0,0.0
MNXR7136,0.0,0.0
MNXR71393,0.0,0.0
MNXR71411,0.0,0.0
MNXR71500,0.0,0.0
MNXR71594,0.0,0.0
MNXR71850,-1000.0,1000.0
MNXR7212,0.0,0.0
MNXR72719,0.0,0.0
MNXR7297,0.0,0.0
MNXR73656,0.0,0.09289400555780958
MNXR73710,0.0,0.0
MNXR73713,0.0,0.0
MNXR73934,0.0,0.0
MNXR74185,0.0,0.0
MNXR74304,-0.09289400555774949,0.0
MNXR74373,0.0,0.0
MNXR74388,0.0,0.09289400555775007
MNXR7442,0.0,0.0
MNXR7459,-0.015482334259625,39.70583564906713
MNXR74626,0.0,0.0
MNXR74716,0.0,0.0
MNXR74717,0.0,0.0
MNXR74722,0.0,0.0
MNXR74782,0.0,0.0
MNXR74931,0.0,0.0
MNXR74932,0.0,0.0
MNXR75041,0.0,0.0
MNXR75218,0.0,0.0
MNXR75220,0.0,0.0
MNXR75221,0.0,0.0
MNXR75248,0.0,0.0
MNXR75249,0.0,0.0
MNXR75271,0.0,0.0
MNXR7594,0.0,0.0
MNXR7613,0.0,0.0
MNXR7644,0.0,0.0
MNXR7721,0.0,0.0
MNXR7792,0.0,0.0
MNXR78083,0.0,0.0
MNXR79288,-1000.0,9.999999999999961
MNXR79548,-997.5820148966278,1000.0
MNXR79575,-39.659388646287745,0.0
MNXR79601,-19.829694323144125,0.0
MNXR79604,-44.238196014823835,0.0
MNXR79613,0.0,409.36413236749905
MNXR79615,0.0,0.0
MNXR79647,0.0,0.0
MNXR79704,-42.929217120397674,-2.4179851033723025
MNXR79735,0.0,0.0
MNXR79878,-1000.0,0.0
MNXR79883,0.061929337038499455,0.0619293370385
MNXR80058,-40.51123201702236,0.0
MNXR80306,0.0,39.659388646288264
MNXR80308,0.0,40.5112320170233
MNXR80309,0.0,40.5112320170233
MNXR80323,0.0,0.0
MNXR80370,0.0,0.0
MNXR80378,0.0,0.0
MNXR80380,0.0,0.0
MNXR80382,0.0,0.0
MNXR80383,0.0,0.0
MNXR80385,0.0,0.0
MNXR80400,0.0,0.0
MNXR80403,0.0,0.0
MNXR80405,0.0,0.0
MNXR80406,0.0,0.0
MNXR80464,0.0,0.0
MNXR80501,-0.42592168536751995,-0.42592168536751973
MNXR80502,-0.42592168536751995,-0.42592168536751973
MNXR80503,0.0,0.0
MNXR80504,0.0,0.0
MNXR80505,0.0,0.0
MNXR80506,0.0,0.0
MNXR80553,0.0,0.0
MNXR80555,-0.10648042134187999,-0.10648042134187993
MNXR80556,0.10648042134187993,0.10648042134187999
MNXR80557,0.10648042134187993,0.10648042134187999
MNXR80558,0.0,0.0
MNXR80559,0.0,0.0
MNXR80560,0.0,0.0
MNXR80561,0.0,0.0
MNXR8073,0.0,0.0
MNXR80794,0.03096466851924971,0.03096466851924906
MNXR80876,0.0,0.0
MNXR80878,0.0,0.0
MNXR80879,0.0,0.0
MNXR81103,0.06192933703849997,0.0619293370385
MNXR8129,0.0,0.0
MNXR8203,0.0,0.0
MNXR8219,0.0,0.0
MNXR8221,0.0,0.0
MNXR8252,0.0,0.0
MNXR8269,0.0,0.0
MNXR8303,0.0,0.0
MNXR8328,0.0,0.0
MNXR8404,0.0,0.0
MNXR84520,0.0,0.0
MNXR84532,0.0,0.0
MNXR84576,0.0,0.0
MNXR84580,0.0,0.0
MNXR84631,0.0,0.0
MNXR84761,0.0,0.0
MNXR84794,0.0,0.0
MNXR84885,-1.0816689110206248,0.0
MNXR84910,0.0,0.0
MNXR84911,0.0,0.0
MNXR84987,0.0,0.0
MNXR85051,0.0,0.0
MNXR85052,0.0,0.0
MNXR85058,0.0,0.0
MNXR85082,0.0,0.0
MNXR85159,0.0,0.0
MNXR85179,0.0,0.0
MNXR85205,0.0,0.0
MNXR85233,0.0,0.0
MNXR85234,0.0,0.0
MNXR85248,0.0,0.0
MNXR85267,0.0,0.0
MNXR85268,0.0,0.0
MNXR85270,0.0,0.0
MNXR85277,0.0,0.0
MNXR85287,0.0,0.0
MNXR85297,-0.09289400555774918,0.0
MNXR85306,0.0,0.0
MNXR85308,0.0,0.0
MNXR85310,0.0,0.0
MNXR85314,0.0,0.0
MNXR85335,0.0,0.0
MNXR85362,0.0,0.0
MNXR85363,0.03096466851924971,0.03096466851924906
MNXR85368,0.0,0.0
MNXR85427,0.0,0.0
MNXR85428,0.0,0.0
MNXR85460,-998.4601437768473,999.9690353314808
MNXR85534,4.440892098500626e-16,-5.551115123125783e-16
MNXR85555,0.0,0.0
MNXR85587,0.0,0.0
MNXR85589,0.0,0.0
MNXR85709,0.0,0.0
MNXR8571,0.0,0.0
MNXR85731,0.0,0.0
MNXR85739,0.0,0.0
MNXR85754,4.440892098500626e-16,-5.551115123125783e-16
MNXR85795,0.0,0.0
MNXR85856,0.0,0.0
MNXR8605,0.0,0.0
MNXR8691,0.0,0.0
MNXR86939,0.0,0.0
MNXR8700,0.0,0.0
MNXR87148,-995.9612659283715,1.0004239084357598
MNXR8716,0.0,0.0
MNXR87173,0.0,0.0
MNXR8742,0.0,0.0
MNXR8903,0.0,0.0
MNXR8926,0.0,0.0
MNXR8994,-1000.0,1000.0
MNXR9029,0.0,0.0
MNXR90744,0.0,0.0
MNXR92341,0.0,0.0
MNXR93624,0.0,0.0
MNXR93625,0.0,0.0
MNXR93681,0.0,0.0
MNXR93694,0.0,0.0
MNXR93698,-42.92921712039558,0.0
MNXR93703,0.0,0.0
MNXR93704,-996.2461115245986,1000.0
MNXR93715,-1000.0,1000.0
MNXR93716,0.0,0.0
MNXR93746,-30.994405768350845,4.606037773413618e-14
MNXR93748,-997.5820148966275,1000.0
MNXR93752,0.0,0.0
MNXR93753,-4.884315725774934,0.0
MNXR93771,0.0,0.0
MNXR93774,0.0,0.0
MNXR93778,0.0,0.0
MNXR93797,0.0,0.0
MNXR93798,0.0,0.0
MNXR93834,0.0,0.0
MNXR93840,0.0,0.0
MNXR93844,0.0,0.0
MNXR93845,0.0,0.0
MNXR93864,0.0,0.0
MNXR93865,0.0,0.0
MNXR93869,0.0,0.0
MNXR93881,0.0,0.0
MNXR93945,0.0,0.0
MNXR93946,0.0,0.0
MNXR93966,0.0,0.0
MNXR94017,0.0,0.0
MNXR94061,0.0,0.0
MNXR94063,0.0,0.0
MNXR94066,0.0,0.0
MNXR94094,0.0,0.0
MNXR94163,0.0,0.0
MNXR94164,0.0,0.0
MNXR94165,0.0,0.0
MNXR94166,0.0,0.0
MNXR94179,0.0,0.0
MNXR94180,0.0,0.0
MNXR94181,0.0,0.0
MNXR94182,0.0,0.0
MNXR94183,0.0,0.0
MNXR94184,0.0,0.0
MNXR94190,-10.000000000000654,0.0
MNXR94192,-0.25010597710893995,-0.25010597710893984
MNXR94194,0.0,379.2728037057965
MNXR94195,0.0,0.0
MNXR94196,0.0,0.0
MNXR94197,0.0,0.0
MNXR94198,0.0,0.0
MNXR94199,0.0,0.0
MNXR94200,0.0,0.0
MNXR94201,0.0,0.0
MNXR94202,-1000.0,999.6805587359744
MNXR94217,0.0,0.0
MNXR94218,0.0,0.0
MNXR94219,0.0,0.0
MNXR94220,0.0,0.0
MNXR94221,0.0,0.0
MNXR94222,0.0,0.0
MNXR94223,0.0,0.0
MNXR94224,0.0,0.0
MNXR94225,0.0,0.0
MNXR94226,-1000.0,999.6805587359744
MNXR94227,0.0,0.0
MNXR94245,0.0,0.0
MNXR94246,0.0,0.0
MNXR94247,0.0,0.0
MNXR94248,0.0,0.0
MNXR94249,0.0,0.0
MNXR94250,0.0,0.0
MNXR94251,0.0,0.0
MNXR94252,0.0,0.0
MNXR94253,0.0,0.0
MNXR94254,-999.6805587359744,1000.0
MNXR94255,0.0,0.0
MNXR94256,-379.27280370579723,0.0
MNXR94257,0.0,0.0
MNXR94258,-379.44497728292225,0.0
MNXR94259,0.0,0.0
MNXR94260,0.0,0.0
MNXR94261,0.0,0.0
MNXR94262,0.0,0.0
MNXR94263,0.0,0.0
MNXR94264,0.0,0.0
MNXR94265,-999.6805587359744,1000.0
MNXR94266,0.0,0.0
MNXR94267,-0.25010597710893995,-0.2501059771089399
MNXR94312,0.0,0.0
MNXR94313,0.0,0.0
MNXR94325,-999.5896873045447,999.969035331482
MNXR94332,0.0,0.0
MNXR94333,0.0,0.0
MNXR94334,0.0,0.0
MNXR94338,0.0,0.0
MNXR94426,0.0,0.0
MNXR94492,0.0,0.0
MOAT,-0.25010597710893995,-0.2501059771089399
MOAT2,0.25010597710893984,0.25010597710894
MOAT3C,-0.25010597710893995,-0.2501059771089399
MOD,-39.659388646288235,0.0
MOD_3mhtpp,0.0,0.8518433707350399
MOD_4mop,-0.8518433707350399,0.0
MOHMT,0.06192933703864156,0.061929337038499455
MPPM,0.0,1.3153671562578193
MQN7t,0.06192933703849971,0.0619293370385
MTAP,0.0,0.0
MTHFC,-5.707916395031343,999.1763993307436
MTHFD,0.5449186525831605,5.7079163950313605
MTHFO,-1000.0,1000.0
MTHFO_nadp,-1000.0,1000.0
MTI,0.0,0.0
MTRI,0.0,0.0
MUCCY_kt,0.0,0.0
NA1Hth,0.0,0.0
NADH10,0.0,1000.0
NADH5,0.0,1000.0
NADH6,-978.663763265236,0.0
NADH9,0.0,0.0
NADK,-1000.0,999.5587226360246
NADS1,0.0,0.0
NADTRHD,-1000.0,1000.0
NAPRT,-0.03096466851925,-0.030964668519249984
NAPT,0.0,0.0
NDPK2,-104.58622573138089,16.08959025916891
NDPK3,-63.790602139940816,392.24667418215256
NDPK4,-999.5587226360285,1000.0
NDPK6,0.0,0.0
NDPK7,-0.16020671834625,-0.16020671834624992
NDPK8,-1000.0,998.1397303401549
NDPK9,-1000.0,1000.0
NEOXANS,0.0,0.0
NFORGLUAH,0.0,4.884315725774969
NH4t,-130.61882300469634,10.00000000000032
NMNHYD,0.0,0.0
NMNTP,0.06192933703550807,0.061929337038463976
NNDMBRT,-0.03096466851925,-0.030964668519249984
NNDPR,0.0,0.0
NO2t2r,-10.0,10.000000000000114
NO3R1,-1000.0,0.0
NO3R2,-10.00000000000017,1000.0
NO3t2,-10.000000000001378,9.999999999999886
NPHS,0.0,0.0
NT5C,0.0,0.0
NTD1,0.0,1000.0000000000024
NTD10,0.0,968.4773029912024
NTD11,0.0,968.4773029912024
NTD2,-78.39984957838837,0.0
NTD3,0.0,78.39984957838763
NTD4,0.0,0.0
NTD5,0.0,0.0
NTD6,0.0,29.325307495372336
NTD7,0.0,0.0
NTRIR2x,0.0,20.000000000000007
NTRIR2y,0.0,20.000000000000007
O2t,0.17030567685587408,20.0
OCDCAt2,0.851843370734986,0.8518433707349868
OCOAT1,-5.551115123125783e-16,0.8518433707350399
OHPBAT,0.0,0.0
OHPHM,0.03096466851924971,0.030964668519184113
OMCDC,-4.60573184613631,-3.753888475401268
OMPDC,-70.30941150234733,-8.881784197001252e-16
OP4ENH,0.0,0.0
OPHBDC,-0.030964668519249727,-0.030964668519184058
ORDCh,-0.03096466851925,0.0
ORNTA,-2.49793289553266,0.0
ORPT,-70.30941150234733,-8.881784197001252e-16
OXAMTC,0.0,0.0
OXOAEL,0.0,0.0
P5CD,-8.156453346600076,0.0
P5CR,-1000.0,1000.0
P5CRx,-1000.0,1000.0
PANTS,-0.061929337038499455,-0.06192933703876413
PAPPT2,0.0,0.0
PAPPT3,0.2501059771089399,0.25010597710893995
PAPSR,-2.1633378220411483,0.0
PC8XM,0.0,0.0
PCADYOX,0.0,0.0
PDH,0.0,379.1734219792096
PDHam1hi,-379.1734219792082,0.0
PDHam2hi,-51.119210194486776,368.5654438017455
PDHbr,-368.5654438017438,51.119210194487025
PDX5POi,0.0,0.0
PEPCK_re,0.0,0.0
PFK,0.0,0.0
PFK_2,0.0,0.0
PFK_3,-1000.0,1000.0
PFK_adp,-991.076746323127,0.0
PGAMT,0.0,996.9616898368047
PGCD,-286.2862181525466,0.0
PGI,-1000.0,1000.0
PGK,-286.2862181525462,1000.0
PGL,-663.9580483474559,0.0
PGLYCP,0.0,0.0
PGM,0.0,0.0
PGMT,-18.749470114455296,1000.0
PGSA120,0.0,0.0
PGSA160,0.0,0.0
PGSA161,0.0,0.0
PGSA180,0.0,0.0
PGSA181,0.0,0.0
PHETA1,-1.54519490031345,-1.545194900313449
PHETHPTOX,0.0,0.0
PHYCBOXL,0.0,0.0
PIabc,-1000.0,991.9730507343805
PIt2r,-991.9730507343803,1000.0
PLIPA1A120pp,0.0,379.27280370579973
PLIPA1A140pp,0.0,0.0
PLIPA1A141pp,0.0,0.0
PLIPA1A160pp,0.0,379.27280370579973
PLIPA1A180pp,0.0,379.27280370579984
PLIPA1E160,0.0,0.0
PLIPA1E180,-379.1663232844509,0.10648042134187999
PLIPA2A120pp,0.0,379.27280370579723
PLIPA2A140pp,0.0,0.0
PLIPA2A141pp,0.0,0.0
PLIPA2A160pp,0.0,379.4449772829226
PLIPA2A180pp,0.0,379.2728037057981
PMPK,0.0,0.0
PNTK,-0.06192933703864693,-0.061929337038777454
POX,-379.1734219792078,0.0
PPBNGS,-0.247717348154,-0.24771734815399987
PPC,0.0,1000.0
PPCDC,-0.06192933703864693,-0.06192933703860337
PPGPPDP,0.0,0.0
PPNCL2,-0.06192933703864693,0.0
PPNCL3,-0.06192933703864693,0.0
PPNDH,-1.54519490031345,-1.545194900313449
PPOR,0.0,0.0
PPPGO,-0.015482334259625,-0.015482334259624992
PPRGL,-2.4421578628874827,-2.274846977456946e-13
PPS,0.0,0.0
PPTTm,-0.030964668519253297,-0.030964668519255056
PRACHh,-5.676951726512122,-0.7926360007371596
PRADPh,-5.676951726512122,-0.7926360007371596
PRAI,0.0,0.0
PRAIS,-2.4421578628874823,-2.673745998267636e-13
PRAISh,-2.4421578628874823,-2.673745998267636e-13
PRDX,0.0,0.0
PRFGS,-2.4421578628874823,-2.673745998267636e-13
PRICIh,0.7926360007371588,5.676951726511622
PROabc,0.0,1000.0
PROAKGOX1,0.0,0.0
PROD2,-1000.0,1000.0
PROt2r,-998.1564533466006,10.0
PRPPS,-989.9546007332588,-1.7000629414989785
PSAT,-286.2862181525625,0.0
PSCIT,2.8448549519373185,2.84485495193732
PSD120,-379.2728037057954,0.0
PSD160,-379.44497728292015,0.0
PSD161,0.0,0.0
PSD180,-379.27280370579547,0.0
PSD181,0.0,0.0
PSP,0.0,286.28621815254996
PSP_D,0.0,0.0
PSSA120,-379.27280370579757,0.0
PSSA160,-379.4449772829224,0.0
PSSA161,0.0,0.0
PSSA180,-379.2728037057974,0.0
PSSA181,0.0,0.0
PTE5x,0.0,0.0
PTRCabc,0.0,0.03096466851925
PUNP7,0.0,0.0
PUTA3,0.0,0.0
PYAM5PO,0.0,0.0
PYDAMK,0.0,0.0
PYDXK,0.0,0.0
PYDXNK,0.0,0.0
PYDXS,0.030964668519249984,0.03096466851925
PYK,-1000.0,1000.0
PYRt2,-325.1472830242115,0.0
QUILSYN,0.0,0.0
R01465m,-996.3256464964361,1000.0
RBFK,-0.030964668519231964,-0.030964668519249727
RBFSb,0.061929337038481934,0.061929337038499746
RBK,-1000.0,1.3145040611561853e-13
RDH1,0.0,0.0
RNDR1,-29.485514213718297,-0.16020671834624992
RNDR2,-29.48551421371906,-0.16020671834624992
RNDR3,-78.56005629673326,-0.16020671834624992
RNDR4,0.0,0.0
RNMK,0.0,0.0
RPE,-62.56340573432566,384.66126748529217
RPI,-63.65023041051136,183.193724209605
rxn00016_c0,0.0,0.0
rxn00816_c0,0.0,0.0
rxn01080_c0,0.0,0.0
rxn01292_c0,0.0,0.0
rxn01457_c0,0.0,0.0
rxn02362_c0,0.0,0.0
rxn03462_c0,0.0,0.0
rxn03893_c0,-0.03096466851925,-0.030964668519249984
rxn04052_c0,0.0,0.0
rxn05336_c0,0.0,0.0
rxn05342_c0,1.0004239084357593,1.0004239084357598
rxn05343_c0,0.0,0.0
rxn05344_c0,0.0,0.0
rxn05345_c0,-1.0004239084357598,-1.0004239084357593
rxn05346_c0,0.0,0.0
rxn05347_c0,0.0,0.0
rxn05348_c0,0.0,0.0
rxn05359_c0,-0.8518433707350399,-0.8518433707350395
rxn05363_c0,-0.8518433707350399,-0.8518433707350395
rxn05367_c0,-0.8518433707350399,-0.8518433707350395
rxn05371_c0,-0.8518433707350399,-0.8518433707350395
rxn05375_c0,-0.8518433707350399,-0.8518433707350395
rxn05379_c0,-0.8518433707350399,-0.8518433707350395
rxn05384_c0,-0.8518433707350399,-0.8518433707350395
rxn05388_c0,-0.8518433707350399,-0.8518433707350395
rxn05392_c0,-0.8518433707350399,-0.8518433707350395
rxn05396_c0,-0.8518433707350399,-0.8518433707350395
rxn05400_c0,-0.8518433707350399,-0.8518433707350395
rxn05404_c0,-0.8518433707350399,-0.8518433707350395
rxn05409_c0,0.0,0.0
rxn05413_c0,0.0,0.0
rxn05417_c0,0.0,0.0
rxn05421_c0,0.0,0.0
rxn05425_c0,0.0,0.0
rxn05429_c0,0.0,0.0
rxn05460_c0,0.0,0.0
rxn06181_c0,0.0,0.0
rxn06453_c0,0.0,0.0
rxn06723_c0,-0.5002119542178799,-0.5002119542178797
rxn08333_c0,-0.0619293370385,-0.06192933703849997
rxn09448_c0,0.0,0.0
rxn09988_c0,0.0,0.0
rxn11612_c0,0.0,0.0
rxn12008_c0,-0.09289400555775,-0.09289400555774996
rxn13990_c0,-1.0004239084357598,995.96126592837
RZ5PP,0.030964668519249984,0.03096466851925
S7PI,-1.0004239084357598,-1.0004239084357593
SADT,-2.163337822041213,0.0
SADT2,-2.163337822041213,0.0
SALCpts,0.0,0.0
SAM24MT,0.0,0.0
SBP,0.0,0.0
SBTPD,-10.0,133.1431090762751
SBTpts,-10.0,133.1431090762751
SDPDS,0.0,0.0
SDPTA,0.0,0.0
SELCYSTS,0.0,0.0
SERD_L,-1000.0,0.0
SERH,0.0,0.0
SERt2m,-130.6188230046945,10.0
SHCHD2,-0.03096466851925,-0.030964668519249984
SHCHF,0.030964668519249984,0.03096466851925
SHK3Dr,2.844854951937318,2.84485495193732
SHKK,-2.8448549519373194,-2.8448549519373185
SHSL4h,-42.92921712039553,0.0
SO4t2,-999.9690353314834,2.1943024905605033
SOTA,0.0,0.0
SPMDabc,0.030964668519249984,0.03096466851925
SPODM,0.0,0.0
SPTc,-0.09289400555766791,999.9071059944423
SSALx,0.0,0.0
SUCBZL,0.0,0.0
SUCCt2b,-304.0254618953147,10.0
SUCD4,-1000.0,0.0
SUCLm,-410.21597573823317,0.0
SUCRe,0.0,1000.0
SUCRt2,-61.57155453813823,10.0
SULabc,-1000.0,0.0
SULR,0.0,2.1633378220415302
TAL,0.0,42.92921712039552
TALA,-1000.0,1000.0
TAUDO,-2.1633378220412482,0.0
TAURabc,-2.1633378220412482,0.0
TDPDRE,-0.25010597710893995,-0.25010597710893984
TDPDRR,0.25010597710893984,0.25010597710893995
TDPGDH,0.25010597710893984,0.25010597710893995
TDSK,0.25010597710893984,0.25010597710893995
TDSRh,0.4806201550387499,107.9269571879472
THD2,-1000.0,1000.0
THDPS,0.0,0.0
THIORDXi,0.0,0.0
THMDt2,-98.23964286004144,0.16020671834625003
THRA,0.0,1000.0
THRS,0.0,1000.0
THZPSN,0.0,0.0
TKT1,-47.59068144728394,199.25327317283245
TKT2,-51.43596030765722,195.40799431245932
TMDK1,-0.1602067183462168,98.23964286003759
TMDPP,0.0,0.0
TMDS,0.0,98.39984957838384
TMPK,-0.030964668519246192,-0.030964668519249727
TMPPP,0.0,0.0
TPI,-140.31982021951,145.96639793304098
TPRDCOAS,0.0,0.0
TRE6PP,0.0,0.0
TRE6PS,-10.0,61.57155453813741
TREpts,-61.57155453813767,10.000000000000014
TRPO2,0.0,0.0
TRPS2,0.0,0.0
TRPt2m,0.47201919145021975,0.47201919145022003
TSULabc,-1.081668911020571,0.0
TTDCAt2,1.5006358626536391,9.999999999999998
TYRCBOX,0.0,0.0
UAAGDS,-0.25010597710894,-0.25010597710893984
UAAGLS1,0.0,0.0
UAGAAT,0.5002119542178798,0.5002119542178799
UAGCVT,-0.25010597710894,-0.25010597710893984
UAGDP,-1.00042390843576,-1.0004239084357593
UAGPT2,0.0,0.0
UAGPT3,-0.25010597710894,-0.25010597710893984
UAMAGS,0.2501059771089399,0.25010597710893995
UAMAS,-0.25010597710894,-0.25010597710893984
UAPGR,0.2501059771089399,0.25010597710893995
UDPGD,-0.6576835781275753,0.0
UGAH,0.0,0.0
UGMDDS,0.2501059771089399,0.25010597710893995
UHBZ1t_pp,0.030964668519231946,0.03096466851923198
UHGADA,-0.50021195421788,-0.5002119542178797
UMPK,-72.12499061282111,7.590226121822746
UPP3S,-0.0619293370385,-0.06192933703849997
UPPDC1,-0.03096466851925,-0.030964668519249984
UPPDC2,0.0,0.0
UPPRT,0.0,0.0
URCN,0.0,4.884315725774945
UREA,0.0,7.533031772986594
URFGTT,0.030964668519231946,0.03096466851923198
URIDK2m,0.0,0.0
URIt2,-78.399849578388,0.0
VPAMTr,-1000.0,1000.0
X5PL3E,0.0,0.0
XAND,0.0,0.0
XPPT,-968.2271239291834,0.0
XTSNH,-967.350661656939,30.99440576835262
XYLI1,-161.77173089152808,10.0
XYLI2,-61.57155453813589,10.000000000000007
XYLK,-9.999999999998883,161.77173089153123
XYLt2,-161.77173089153078,10.000000000000002
ZN2t4pp,-0.03096466851925,-0.030964668519249984
G-12289,0.0,0.6576835781303824
G-12290,0.0,0.6576835781303824
MNXR113143,0.0,0.6576835781303824
MNXR113142,0.0,0.6576835781303824
MNXR113144,0.0,0.6576835781303824
MNXR117163,0.0,0.6576835781303824
MNXR117165,-3.0427134183400885e-14,0.3288417890637727
G-12296,-3.0427134183400885e-14,0.3288417890637727
gumBCEJ,-3.0427134183400885e-14,0.3288417890637727
OF_Biomass_Synthesis,-3.80339177292511e-14,0.4110522363297158
