,Normal,,Loopless,,Filtro,
,maximum,minimum,maximum,minimum,,
10FTHFGLULL,0,0,0,0,0,0
2DHPFALDL,0,0,0,0,0,0
2HBO,0,0,0,0,0,0
2OH3K5MPPISO,0,0,0,0,0,0
34DHOXPEGOX,0,0,0,0,0,0
34HPPOR,0,0,0,0,0,0
3HAO,0,0,0,0,0,0
3HBCOAHL,0,-39.65938865,0,-11.61486927,1,1
3HLYTCL,0,0,0,0,0,0
3OAR100,0,0,0,0,0,0
3OAR120,0,0,0,0,0,0
3OAR40_1,0,0,0,0,0,0
3OAR60,0,0,0,0,0,0
3OAR80,0,0,0,0,0,0
3OAS80,0,0,0,0,0,0
4ABUTD,0,0,0,0,0,0
4CMLCL_kt,0,0,0,0,0,0
4HTHRS,0,0,0,0,0,0
56DH5FLURAAMH,0,0,0,0,0,0
5FLURAPRT,0,0,0,0,0,0
5HLTDL,0,0,0,0,0,0
5HXKYNDCL,0,0,0,0,0,0
A5PISO,-0.750317931,-0.750317931,-0.750317931,-0.750317931,0,0
AACOAR_syn,1000,-1000,0,0,1,1
AACOAT,0,-987.4619018,0,0,1,1
AASPh,0,-2.163337822,0,-2.163337822,0,0
ABUTD,0,0,0,0,0,0
ACACT1,-4.24E-14,-0.851843371,0,-0.851843371,1,1
ACACT10m,39.65938865,-0.851843371,23.27809027,-0.851843371,1,0
ACACT2,0,0,0,0,0,0
ACACT3,0,0,0,0,0,0
ACACT4m,0,0,0,0,0,0
ACACT5m,0,0,0,0,0,0
ACACT6m,0,0,0,0,0,0
ACACT7m,0,-8.499364137,0,-8.499364137,0,0
ACALDt,0,-465.6755363,0,-465.6755363,0,0
ACAS_2ahbut,-2.417985103,-42.92921712,-2.417985103,-42.91373479,1,0
ACBIPGT,-0.030964669,-0.030964669,-0.030964669,-0.030964669,1,0
ACCOAC,1000,-1000,0,-84.88766393,1,1
ACCOAC_1,1000,0,0,0,1,1
ACCOAL,0,0,0,0,0,0
ACGApts,10,-130.5426487,10,-130.5426487,0,0
ACGK,0,-2.497932896,0,-2.497932896,0,0
ACGS,0,-2.497932896,0,-2.497932896,0,0
ACOA40OR,0,0,0,0,0,0
ACOAD1,0,0,0,0,0,0
ACOAD10m,0,-39.65938865,0,-25.40427037,1,1
ACOAD2,0,0,0,0,0,0
ACOAD3,0,0,0,0,0,0
ACOAD4,0,0,0,0,0,0
ACOAD5,0,0,0,0,0,0
ACOAD6,0,0,0,0,0,0
ACOAD7,8.499364137,0,8.499364137,0,0,0
ACOAD8m,0,-0.851843371,0,-0.851843371,0,0
ACOAD9m,0,-39.65938865,0,-12.99688183,1,1
ACOADH2,0,-19.82969432,0,-12.31509876,1,1
ACOATA,0,0,0,0,0,0
ACODA,0,-2.497932896,0,-2.497932896,0,0
ACONTa,1000,0,32.35991862,1.69E-12,1,0
ACONTb,1000,0,205.7935197,0,1,1
ACOTA,2.497932896,1.70E-16,2.497932896,-8.88E-16,1,0
ACPS1,0.030964669,0.030964669,0.030964669,0.030964669,1,0
ACPh,0,-1000,0,-142.3432351,1,1
ACS,0,-987.4619018,0,-34.56177103,1,1
ACYP_2,0,0,0,0,0,0
ACt4pp,0,0,0,0,0,0
ADA,996.0141497,0,119.6217023,0,1,1
ADCL,0.092894006,0.092894006,0.092894006,0.092894006,1,0
ADCS,-0.092894006,-0.092894006,-0.092894006,-0.092894006,1,0
ADCYRS,0,0,0,0,0,0
ADECn,0,0,0,0,0,0
ADK1,1000,8.923253677,183.3769502,8.923253677,1,0
ADK2,-0.030964669,-0.030964669,-0.030964669,-0.030964669,1,0
ADMDC,0,0,0,0,0,0
ADNK1,985.890291,-1000,11.71003084,-10.12385867,1,0
ADNUC,0,-987.4619018,-3.91E-14,-1.571610769,1,0
ADNt2,10,-39.63028431,10,-39.63028431,0,0
ADOCBIK,998.4291791,-1000,0,-1.570820892,1,1
ADOCBLS,0.030964669,0.030964669,0.030964669,0.030964669,1,0
ADPRDP,0,0,0,0,0,0
ADPT,0,-987.4619018,0,-2.364246769,1,1
ADSL1r,0,-988.2545378,0,-93.07800839,1,1
ADSL2r,0,-35.15470575,0,-35.15470575,0,0
ADSS,988.2545378,-4.03E-13,89.77260427,-8.88E-16,1,0
AFAT,0.030964669,0.030964669,0.030964669,0.030964669,1,0
AGDC,131.5430726,-986.9616898,131.5430726,-10,1,0
AGDI,0,-0.030964669,0,-0.030964669,0,0
AGGPR,0,-2.497932896,0,-2.497932896,0,0
AGMHE,1.000423908,1.000423908,1.000423908,1.000423908,0,0
AGPAT120,0,0,0,0,0,0
AGPAT140,987.4619018,0,0,0,1,1
AGPAT141,0,0,0,0,0,0
AGPAT160,0,0,0,0,0,0
AGPAT161,0,0,0,0,0,0
AGPAT180,0,0,0,0,0,0
AGPAT181,0,0,0,0,0,0
AGTi,0,-1000,0,-172.6343583,1,1
AICART,285.2965086,0.792636001,196.2723663,0.792636001,1,0
AIRCr,0,-1000,0,-0.851843371,1,1
AKGDH,0,-409.7768196,0,-212.1321128,1,1
AKGDHe2r,0,-409.7768196,-3.44E-15,-302.1084865,1,0
AKGt2r,10,-215.7004222,10,-215.7004222,0,0
AKP1,-0.092894006,-0.092894006,-0.092894006,-0.092894006,1,0
ALAALAr,0.250105977,0.250105977,0.250105977,0.250105977,0,0
ALAR,1000,-1000,30.45051335,-63.99496327,1,0
ALCD19,0,-1000,0,-186.9569087,1,1
ALCD2ir,372.6131749,-10,372.6131749,-10,0,0
ALDD22x,0,0,0,0,0,0
ALDD2x,0,-1000,0,-40.34128215,1,1
ALDD31,0,-2.163337822,0,-2.163337822,0,0
ALKP,0,0,0,0,0,0
AM6PTh,0,0,0,0,0,0
AMAOTr,0,0,0,0,0,0
AMID,0,0,0,0,0,0
AMID2,0,0,0,0,0,0
AMID3,0,0,0,0,0,0
AMID4,0,0,0,0,0,0
AMID5,0,0,0,0,0,0
AMMQT8_2,0.030964669,0.030964669,0.030964669,0.030964669,1,0
AMPTASECG,0.030964669,-999.9690353,0.030964669,0,1,1
ANNAT,-0.061929337,-0.061929337,-0.061929337,-0.061929337,1,0
ANS,0,0,0,0,0,0
ANS2,0,0,0,0,0,0
AOOA,285.2965086,0.792636001,196.2723663,0.792636001,1,0
AOXHEXCYCL,0,0,0,0,0,0
AOXSr,0,0,0,0,0,0
APAPTm,0,0,0,0,0,0
APATr,379.2765675,-0.061929337,82.73404603,-0.061929337,1,0
APLh,-7.338149703,-47.84938172,-7.338149703,-47.83389939,1,0
APPAT,-0.061929337,-0.061929337,-0.061929337,-0.061929337,1,0
APRAUR,-0.061929337,-0.061929337,-0.061929337,-0.061929337,0,0
APSR,0,-2.163337822,0,-2.163337822,0,0
ARBTptspp,0,0,0,0,0,0
ARD_1,0,0,0,0,0,0
ARGDC,0,-0.030964669,0,-0.030964669,1,1
ARGN,0,-1000,0,-0.724255039,1,1
ARGORNt7,10,2.466968227,10,2.466968227,0,0
ARGSL,0,0,0,0,0,0
ARGSS,0,0,0,0,0,0
ASAD,1000,2.66E-14,149.0308508,1.78E-15,1,0
ASNN,987.4619018,0,0,0,1,1
ASNS1,-2.008308069,-989.4702099,-2.008308069,-2.008308069,1,0
ASP1DC,0,-379.3384969,0,-92.84242237,1,1
ASPATh,5.983383861,-1000,5.983383861,-674.2840941,1,0
ASPCT,70.3094115,0,70.3094115,0,0,0
ASPK,0,-1000,0,-374.5504704,1,1
ASPt2_2,10,-130.618823,10,-130.618823,0,0
ATDAMh,62.03785538,0,62.03785538,0,0,0
ATDGDm,-0.160206718,-0.160206718,-0.160206718,-0.160206718,0,0
ATGDm,1000,-998.4291791,1.570820892,0,1,1
ATPM,1000,0,0,0,1,1
ATPPRT,-0.792636001,-285.2965086,-0.792636001,-196.2723663,1,0
ATPS4r,430.8119601,-1000,430.8067993,-55.99678438,1,0
AUS,0.061929337,0.061929337,0.061929337,0.061929337,0,0
BACCL,0,0,0,0,0,0
BCTA_glu_h,996.2461115,-1000,10.74298493,-7.110137537,1,0
BCTA_val_h,1000,-1000,5.563598904,0,1,1
BDH,0,0,0,0,0,0
BETALDHx,0,0,0,0,0,0
BETALDHy,0,0,0,0,0,0
BPNT,-0.030964669,-2.194302491,-0.030964669,-2.194302491,1,0
BTNC,0,-1000,0,-0.851843371,1,1
BTND1,0,0,0,0,0,0
BTS4,0,0,0,0,0,0
Biomass,10,10,10,10,0,0
CA2t3pp,-0.030964669,-0.030964669,-0.030964669,-0.030964669,1,0
CAT,0,0,0,0,0,0
CBIAT,0.030964669,0.030964669,0.030964669,0.030964669,1,0
CBL1abc,0,0,0,0,0,0
CBPS,0,-1000,0,-0.851843371,1,1
CD2t4pp,0,0,0,0,0,0
CDPGLC46DH,0,0,0,0,0,0
CDPMEK,-3.060812433,-6.678072113,-3.060812433,-6.678072113,0,0
CHLt2,0,0,0,0,0,0
CHOLD,1000,-1000,0,0,1,1
CHORM,2.751960946,2.751960946,2.751960946,2.751960946,0,0
CHORS,2.844854952,2.844854952,2.844854952,2.844854952,0,0
CITMCOAHm,0,0,0,0,0,0
CITt2r,10,-165.5447728,10,-165.5447728,0,0
CLtex,0.030964669,0.030964669,0.030964669,0.030964669,1,0
CMPA,0,-0.030964669,0,-0.030964669,0,0
CMS,-3.060812433,-6.678072113,-3.060812433,-6.678072113,0,0
CO2t,10,-516.2885432,10,-516.2885432,0,0
COALDDH,1000,-1000,0,0,1,1
COBALT2tex,0.030964669,0.030964669,0.030964669,0.030964669,1,0
CPPPGO,-0.030964669,-0.030964669,-0.030964669,-0.030964669,1,0
CPS,1000,-70.3094115,0,-70.3094115,1,1
CS,0,-1000,0,-137.8179229,1,1
CSND,0,0,0,0,0,0
CTPS1,1000,-1000,0,-1.408531003,1,1
CTPS2,1000,0,0,0,1,1
CU2abcpp,-0.030964669,-0.030964669,-0.030964669,-0.030964669,1,0
CYARTMT,0,0,0,0,0,0
CYOO2pp,0,-39.65938865,0,0,1,1
CYRDAAT,0,0,0,0,0,0
CYS,1000,5.43E-14,142.551203,0,1,1
CYSDS,0,-1000,0,-410.8935207,1,1
CYSS,0,0,0,0,0,0
CYSS_trdrd,0,0,0,0,0,0
CYTBD2pp,0,-39.65938865,0,-23.86489208,1,1
CYTBO3,0,-39.65938865,0,-16.28632674,1,1
CYTD,78.39984958,0,78.39984958,7.590226122,1,0
CYTDt2,10,-42.26656639,10,-42.26656639,0,0
CYTK1,63.63039542,-394.1698804,63.63039542,-192.358267,1,0
CYTK2,0,-78.39984958,0,-78.39984958,0,0
DAAD,1000,-1000,10.98452018,-16.82565963,1,0
DADA,72.03785538,0,72.03785538,0,0,0
DADNt2,10,-47.63028431,10,-47.63028431,0,0
DAGK160,0,0,0,0,0,0
DALAt2pp,10,-130.618823,10,-130.618823,0,0
DAPDA,0,0,0,0,0,0
DAPDC,0.250105977,0.250105977,0.250105977,0.250105977,0,0
DAPE,0,0,0,0,0,0
DASYN120,0,-379.4449773,0,-280.7469857,1,1
DASYN140,0,-379.4449773,0,-282.5714194,1,1
DASYN141,0,0,0,0,0,0
DASYN160,0,-379.4449773,0,-270.3621317,1,1
DASYN161,0,0,0,0,0,0
DASYN180,0,-379.4449773,0,-258.1966843,1,1
DASYN181,0,-379.4449773,0,-316.8283631,1,1
DB4PS,0.123858674,0.123858674,0.123858674,0.123858674,0,0
DBTS,0,0,0,0,0,0
DCTPD,78.39984958,0,78.39984958,0,0,0
DCTPD2,0,-1000,0,-1.408531003,1,1
DCYTD,88.39984958,0,88.39984958,0,0,0
DCYTt2,10,-48.93323305,10,-48.93323305,0,0
DDGALK,0,0,0,0,0,0
DDGLCNt2r,10,-165.0793062,10,-165.0793062,0,0
DDGLK,165.0793062,-10,165.0793062,-10,0,0
DDPA,-2.844854952,-2.844854952,-2.844854952,-2.844854952,0,0
DDPGA,0,0,0,0,0,0
DDPGALA,0,0,0,0,0,0
DGC3D,0,0,0,0,0,0
DGK1,0,-49.63028431,0,-49.63028431,0,0
DGSNt2,0,-49.63028431,0,-49.63028431,0,0
DHAD1,47.84938172,7.338149703,47.84938172,7.338149703,0,0
DHCIND,0,0,0,0,0,0
DHFR,98.49274358,0.092894006,98.49274358,0.092894006,1,0
DHFS,-0.092894006,-0.092894006,-0.092894006,-0.092894006,1,0
DHNPA2r,-0.092894006,-0.092894006,-0.092894006,-0.092894006,0,0
DHORD2,0,-70.3094115,0,-70.3094115,0,0
DHORD5,0,-70.3094115,0,-70.3094115,0,0
DHORTS,70.3094115,0,70.3094115,0,0,0
DHPD,0,0,0,0,0,0
DHPM2,0,0,0,0,0,0
DHPPD,0,0,0,0,0,0
DHPPDA2,-0.061929337,-0.061929337,-0.061929337,-0.061929337,1,0
DHPS2,0.092894006,0,0.092894006,0,0,0
DHQS,2.844854952,2.844854952,2.844854952,2.844854952,0,0
DHQTi,-2.844854952,-2.844854952,-2.844854952,-2.844854952,0,0
DHRT_ivcoa,0,-0.851843371,0,-0.851843371,0,0
DINSt2,0,-72.03785538,0,-72.03785538,0,0
DLDLBT,-0.123858674,-0.123858674,-0.123858674,-0.123858674,0,0
DMATT,-0.281070646,-0.609912435,-0.281070646,-0.609912435,1,0
DMORh,1000,-992.6618503,7.338149703,0,1,1
DMPH,49.63028431,0,49.63028431,0,0,0
DMPPS,0.609912435,0,0.609912435,0.281070646,1,0
DMPPS_syn,0,-0.609912435,0,0,1,1
DMTPHT,0,0,0,0,0,0
DNGALh,0,0,0,0,0,0
DPCOAK,-0.061929337,-0.061929337,-0.061929337,-0.061929337,1,0
DPR,0.061929337,0.061929337,0.061929337,0.061929337,1,0
DSERt2,0,0,0,0,0,0
DTMPK,-0.160206718,-0.160206718,-0.160206718,-0.160206718,0,0
DURIK1,78.39984958,-1000,78.39984958,-10,1,0
DURIt2,10,-88.39984958,10,-88.39984958,0,0
DUTPDP,0,-987.4619018,0,0,1,1
DXPRIi,-3.060812433,-6.678072113,-3.060812433,-6.678072113,1,0
DXPS,-3.060812433,-6.678072113,-3.060812433,-6.678072113,1,0
E4PD,0,0,0,0,0,0
EAR100y,0,0,0,0,0,0
EAR120y,0,0,0,0,0,0
EAR140y,0,0,0,0,0,0
EAR40y,0,0,0,0,0,0
EAR60y,0,0,0,0,0,0
EAR80y,0,0,0,0,0,0
ECOAH1,0,0,0,0,0,0
ECOAH12,39.65938865,0,34.05353795,0,1,1
ECOAH3,0,0,0,0,0,0
ECOAH4,0,0,0,0,0,0
ECOAH5,0,0,0,0,0,0
ECOAH6,0,0,0,0,0,0
ECOAH7,0,-8.499364137,0,-8.499364137,0,0
ECOAH9ir,39.65938865,-0.851843371,39.64390631,-0.851843371,1,0
EDA,0,-1000,0,-296.2862182,1,1
EDD,0,-1000,0,-276.2862182,1,1
EDTXS1,-0.250105977,-0.250105977,-0.250105977,-0.250105977,0,0
EDTXS2,0.250105977,0.250105977,0.250105977,0.250105977,0,0
ENO,1000,0,471.046351,3.293830291,1,0
ETHAAL,389.3384969,0,197.1217316,0,1,1
ETHAt2pp,10,-130.618823,10,-130.618823,0,0
ETOHti,372.6131749,-10,372.6131749,-10,0,0
EX_2ddglcn_e,165.0793062,-10,165.0793062,-10,0,0
EX_4hbz_e,-0.030964669,-0.030964669,-0.030964669,-0.030964669,1,0
EX_ASPt5n_e,130.618823,-10,130.618823,-10,0,0
EX_Biomass_e,10,9.917789553,10,9.917789553,0,0
EX_DNA_e,-10,-10,-10,-10,0,0
EX_ac_e,0,0,0,0,0,0
EX_acald_e,465.6755363,8.88E-16,465.6755363,0,1,1
EX_acgam_e,130.5426487,-10,130.5426487,-10,0,0
EX_adn_e,39.63028431,-10,39.63028431,-10,0,0
EX_akg_e,215.7004222,-10,215.7004222,-10,0,0
EX_ala__D_e,130.618823,-10,130.618823,-10,0,0
EX_arab__L_e,0,0,0,0,0,0
EX_arbt_e,0,0,0,0,0,0
EX_arg__L_e,-2.466968227,-10,-2.466968227,-10,0,0
EX_ca2_e,-0.030964669,-0.030964669,-0.030964669,-0.030964669,1,0
EX_cbl1_e,0,0,0,0,0,0
EX_cd2_e,0,0,0,0,0,0
EX_chol_e,0,0,0,0,0,0
EX_cit_e,165.5447728,-10,165.5447728,-10,0,0
EX_cl_e,-0.030964669,-0.030964669,-0.030964669,-0.030964669,1,0
EX_co2_e,516.2885432,-10,516.2885432,-10,0,0
EX_cobalt2_e,-0.030964669,-0.030964669,-0.030964669,-0.030964669,1,0
EX_cu2_e,-0.030964669,-0.030964669,-0.030964669,-0.030964669,1,0
EX_cytd_e,42.26656639,-10,42.26656639,-10,0,0
EX_dad_2_e,47.63028431,-10,47.63028431,-10,0,0
EX_dcyt_e,48.93323305,-10,48.93323305,-10,0,0
EX_dgsn_e,49.63028431,0,49.63028431,0,0,0
EX_din_e,72.03785538,0,72.03785538,0,0,0
EX_duri_e,88.39984958,-10,88.39984958,-10,0,0
EX_etha_e,130.618823,-10,130.618823,-10,0,0
EX_etoh_e,372.6131749,-10,372.6131749,-10,0,0
EX_fe2_e,0,-0.123858674,0,-0.123858674,0,0
EX_fe3_e,0,-0.123858674,0,-0.123858674,0,0
EX_for_e,403.0451907,0,403.0451907,0,0,0
EX_fru_e,175.6855868,-10,175.6855868,-10,0,0
EX_fum_e,253.3171592,-10,253.3171592,-10,0,0
EX_galt_e,0,0,0,0,0,0
EX_galur_e,0,0,0,0,0,0
EX_gam_e,130.618823,-10,130.618823,-10,0,0
EX_glc__D_e,175.6855868,-10,175.6855868,-10,0,0
EX_glcur_e,0,0,0,0,0,0
EX_gln__L_e,60.3094115,-10,60.3094115,-10,0,0
EX_glu__L_e,130.618823,-10,130.618823,-10,0,0
EX_gly_e,130.618823,-10,130.618823,-10,0,0
EX_glyb_e,0,0,0,0,0,0
EX_glyc_e,289.7857352,-10,289.7857352,-10,0,0
EX_glycogen_e,0,0,0,0,0,0
EX_h2o_e,498.9238532,0,498.9238532,0,0,0
EX_h_e,1000,-10,1000,-10,0,0
EX_hdca_e,8.499364137,0,8.499364137,0,0,0
EX_hxan_e,52.03785538,-10,52.03785538,-10,0,0
EX_ins_e,52.03785538,-10,52.03785538,-10,0,0
EX_k_e,-0.030964669,-0.030964669,-0.030964669,-0.030964669,1,0
EX_lys__L_e,-3.104486182,-3.104486182,-3.104486182,-3.104486182,0,0
EX_mal__L_e,253.1442716,-10,253.1442716,-10,0,0
EX_malt_e,-1.78E-15,-10,0,-10,1,1
EX_man_e,175.6855868,-10,175.6855868,-10,0,0
EX_met__D_e,0,0,0,0,0,0
EX_met__L_e,0,-2.163337822,0,-2.163337822,0,0
EX_metox__R_e,0,0,0,0,0,0
EX_metsox_S__L_e,0,-2.163337822,0,-2.163337822,0,0
EX_mg2_e,-0.030964669,-0.030964669,-0.030964669,-0.030964669,1,0
EX_mn2_e,-0.030964669,-0.030964669,-0.030964669,-0.030964669,1,0
EX_mqn7_e,-0.061929337,-0.061929337,-0.061929337,-0.061929337,0,0
EX_na1_e,0,0,0,0,0,0
EX_nh4_e,130.618823,-10,130.618823,-10,0,0
EX_nmn_e,-0.061929337,-0.061929337,-0.061929337,-0.061929337,1,0
EX_no2_e,10,-10,10,-10,0,0
EX_no3_e,10,-10,10,-10,0,0
EX_o2_e,-0.170305677,-20,-0.170305677,-20,0,0
EX_ocdca_e,-0.851843371,-0.851843371,-0.851843371,-0.851843371,0,0
EX_orn_e,10,2.466968227,10,2.466968227,0,0
EX_pi_e,-8.026949266,-10,-8.026949266,-10,0,0
EX_ppi_e,0.986525367,0,0.986525367,0,0,0
EX_pro__L_e,130.618823,-10,130.618823,-10,0,0
EX_protein_e,-10,-10,-10,-10,0,0
EX_ptrc_e,0,-0.030964669,0,-0.030964669,0,0
EX_pyr_e,325.147283,0,325.147283,0,0,0
EX_q8_e,0,-10,0,-10,0,0
EX_q8h2_e,10,4.33E-13,10,0,1,1
EX_rna_c0,-10,-10,-10,-10,0,0
EX_salcn_e,0,0,0,0,0,0
EX_sbt__D_e,161.3061344,-10,161.3061344,-10,0,0
EX_ser__D_e,0,0,0,0,0,0
EX_ser__L_e,130.618823,-10,130.618823,-10,0,0
EX_so4_e,-0.030964669,-2.194302491,-0.030964669,-2.194302491,1,0
EX_spmd_e,-0.030964669,-0.030964669,-0.030964669,-0.030964669,1,0
EX_succ_e,304.0254619,-10,304.0254619,-10,0,0
EX_sucr_e,83.00903268,-10,83.00903268,-10,0,0
EX_taur_e,-1.01E-13,-2.163337822,0,-2.163337822,1,1
EX_thmmp_e,-0.030964669,-0.030964669,-0.030964669,-0.030964669,1,0
EX_thymd_e,98.23964286,-0.160206718,98.23964286,-0.160206718,0,0
EX_tre_e,83.00903268,-10,83.00903268,-10,0,0
EX_trp__L_e,-0.472019191,-0.472019191,-0.472019191,-0.472019191,0,0
EX_tsul_e,0,-1.081668911,0,-1.081668911,0,0
EX_ttdca_e,-1.500635863,-10,-1.500635863,-10,0,0
EX_uri_e,78.39984958,0,78.39984958,7.55E-15,1,0
EX_xyl__D_e,212.8227042,-10,212.8227042,-10,0,0
EX_zn2_e,-0.030964669,-0.030964669,-0.030964669,-0.030964669,1,0
FA100ACPHi,0,0,0,0,0,0
FA80ACPHi,0,0,0,0,0,0
FACOAE160,0,-987.4619018,0,0,1,1
FACOAE180,0,-987.4619018,0,0,1,1
FACOAE1836Z9Z12Z,0,0,0,0,0,0
FACOAL140,-1.500635863,-988.9625377,-1.500635863,-1.500635863,1,0
FACOAL160,987.4619018,0,0,0,1,1
FACOAL180,0,-987.4619018,0,0,1,1
FAS140ACPm,1.250529886,1.250529886,1.250529886,1.250529886,0,0
FBA,1000,-1000,54.11619289,-13.93667211,1,0
FBA3,1000,-1000,5.332804941,0,1,1
FBP,1000,0,75.31839256,0,1,1
FCLT,0.030964669,0.030964669,0.030964669,0.030964669,0,0
FDH,0,-379.3384969,0,-358.2092633,1,1
FE2abc,0.123858674,0,0.123858674,0,0,0
FE3abc,0.123858674,0,0.123858674,0,0,0
FERO,19.82969432,0,19.82969432,0,0,0
FGFTh,0,-1000,0,-1.700062942,1,1
FGLU,0,0,0,0,0,0
FK,0,0,0,0,0,0
FLVRx,0,0,0,0,0,0
FMNRx,0,0,0,0,0,0
FOLR2,0,0,0,0,0,0
FOMETRi,0,-1000,0,0,1,1
FORti,403.0451907,0,403.0451907,0,0,0
FPGFTh,1000,0,0.823600669,0,1,1
FPGS_tm,0,0,0,0,0,0
FPPSh,0.609912435,0.281070646,0.609912435,0.281070646,1,0
FRD,1000,0,10.43768095,0,1,1
FRD2,1000,0,10,0,1,1
FRD3,-0.061929337,-1000,-0.061929337,-0.061929337,1,0
FRD7,1000,0,0,0,1,1
FRTT,-0.030964669,-0.030964669,-0.030964669,-0.030964669,1,0
FRUK,175.6855868,-10,175.6855868,-10,0,0
FRUpts,10,-175.6855868,10,-175.6855868,0,0
FT,0,0,0,0,0,0
FTCL,1000,0,0,0,1,1
FTHFD,0,-1000,0,0,1,1
FUM,1000,0,94.10977131,0,1,1
FUMt2r,10,-253.3171592,10,-253.3171592,0,0
G-12289,0.657683578,0,0.657683578,0,0,0
G-12290,0.657683578,0,0.657683578,0,0,0
G-12296,0.328841789,0,0.328841789,0,0,0
G1PACT,0,-1000,0,-13.03831016,1,1
G1PTT,-0.250105977,-0.250105977,-0.250105977,-0.250105977,0,0
G1SAT,0.495434696,0.495434696,0.495434696,0.495434696,0,0
G3PAT120,0,0,0,0,0,0
G3PAT140,0,-987.4619018,0,0,1,1
G3PAT141,0,0,0,0,0,0
G3PAT160,0,0,0,0,0,0
G3PAT160_1,0,-379.4449773,0,-8.499364137,1,1
G3PAT161,0,0,0,0,0,0
G3PAT180,0,0,0,0,0,0
G3PAT181,0,0,0,0,0,0
G3PD,1000,-1000,0,-11.34084441,1,1
G3PD1,1000,-1000,26.40787952,-5.741087623,1,0
G3PD5,0,-1000,0,0,1,1
G3PD6,0,-1000,0,-5.841489693,1,1
G3PD7,999.9380707,0,0,0,1,1
G3PL,0,0,0,0,0,0
G5DHx,1000,0,2.497932896,0,1,1
G5SADrm,0,-1000,0,0,1,1
G6PBDH,0,-1000,0,-39.05963263,1,1
G6PDA,1000,0,18.99957609,8.999576092,1,0
G6PDH2r,1000,-1000,631.0014008,0,1,1
G6PI,1000,-1000,32.90768457,0,1,1
G6PI3,1000,-1000,0,-3.08752378,1,1
GALCTD,0,0,0,0,0,0
GALCTND,0,0,0,0,0,0
GALM1,1000,0,0,0,1,1
GALT1,-0.250105977,-0.250105977,-0.250105977,-0.250105977,0,0
GALTpts,0,0,0,0,0,0
GALUi,8.999576092,-574.0094566,8.999576092,-84.00945659,1,0
GALh,0,-1000,0,0,1,1
GAM,1000,0,0,0,1,1
GAMpts,130.618823,-10,130.618823,-10,0,0
GAPD,1000,-1000,179.4266634,-10.27390506,1,0
GAPDH_nadp_hi,1000,0,13.86254368,0,1,1
GART,0,-1000,0,-14.86816219,1,1
GCC2cm,9.756134807,-400.0206848,9.756134807,-212.9839562,1,0
GCCa,0,-1000,0,-5.82526818,1,1
GCCb,0,-1000,0,-1.015594871,1,1
GCCc,0,-1000,0,-0.185994421,1,1
GCL,0,-1000,0,-0.030964669,1,1
GDH,1000,-1000,11.57523341,0,1,1
GF6PTA,18.99957609,-1000,0,0,1,1
GGGABADr,0,0,0,0,0,0
GGTT,-0.030964669,-0.030964669,-0.030964669,-0.030964669,1,0
GHMT,1000,0,97.72943703,0,1,1
GK1,1000,-998.1397303,1.86026966,0,1,1
GK2,999.8397933,-998.2999371,1.700062942,-0.160206718,1,0
GLCTR2,-0.250105977,-0.250105977,-0.250105977,-0.250105977,0,0
GLCTR3,-0.250105977,-0.250105977,-0.250105977,-0.250105977,0,0
GLCabcpp,0,-1000,0,-150.475523,1,1
GLCpts,1000,-10,0.434220639,-10,1,0
GLNSP1,0,0,0,0,0,0
GLNSP2,0,0,0,0,0,0
GLNSP3,0,0,0,0,0,0
GLNabc,10,-60.3094115,10,-60.3094115,0,0
GLU5K,0,-1000,0,-2.497932896,1,1
GLUFORT,0,0,0,0,0,0
GLUFT,0,-1000,0,-35.03338181,1,1
GLUK_syn,0,-1000,0,0,1,1
GLUPRT,-2.04E-14,-35.15470575,0,-35.15470575,1,1
GLUR,-0.250105977,-0.250105977,-0.250105977,-0.250105977,0,0
GLUS_nadph,1000,0,57.45388817,1.48691181,1,0
GLUTCOADHc,0,0,0,0,0,0
GLUTRR,-0.495434696,-0.495434696,-0.495434696,-0.495434696,0,0
GLUTRS,-0.495434696,-0.495434696,-0.495434696,-0.495434696,0,0
GLUt2r,10,-130.618823,10,-130.618823,0,0
GLXO1,0,0,0,0,0,0
GLYALDDr,0,-1000,0,-167.1798015,1,1
GLYAMDTRc,0,0,0,0,0,0
GLYAT,996.3256465,-1000,48.81017007,-56.54794418,1,0
GLYBabc,0,0,0,0,0,0
GLYCDH_1,1000,0,118.9379377,0,1,1
GLYCK,0,-1000,0,0,1,1
GLYCK2,1000,0,419.7821585,19.20723388,1,0
GLYCL,1000,-1000,0,-321.2728692,1,1
GLYCLTDx,0,0,0,0,0,0
GLYCLTDy,0,0,0,0,0,0
GLYCOR_nadp,0,-1000,0,-9.850007968,1,1
GLYCt,10,-289.7857352,10,-289.7857352,0,0
GLYK,1000,-10,276.2862182,-10,1,0
GLYt2m,10,-130.618823,10,-130.618823,0,0
GMHEPAT,-1.000423908,-1.000423908,-1.000423908,-1.000423908,0,0
GMP5N,987.4619018,0,0,0,1,1
GMPS2,0,-494.961818,0,-1.669098273,1,1
GND,0,-569.0077453,0,-538.956511,1,1
GNK,0,-10,0,-10,0,0
GNNUC,9.09E-13,-1000,0,-0.876462272,1,1
GPAR,0,-989.1310001,0,-1.669098273,1,1
GPDDA1,0,0,0,0,0,0
GPDDA2,0,-379.3384969,0,-320.8100059,1,1
GPDDA4,0.319441264,0.319441264,0.319441264,0.319441264,0,0
GTPCI,0,-0.092894006,0,-0.092894006,0,0
GTPCII2,-0.061929337,-0.061929337,-0.061929337,-0.061929337,0,0
GTPDPK,0,0,0,0,0,0
GUAD,0,-1000,0,0,1,1
GUDBUTNAH,1000,-7.533031773,0,-7.533031773,1,1
H2Ot,0,-498.9238532,0,-498.9238532,0,0
HACD1,1000,-1000,0,-778.165185,1,1
HACD2,0,0,0,0,0,0
HACD3,0,0,0,0,0,0
HACD4,0,0,0,0,0,0
HACD5,0,0,0,0,0,0
HACD6,0,0,0,0,0,0
HACD7,8.499364137,0,8.499364137,0,0,0
HACD9,0.851843371,-39.65938865,0.851843371,-39.64390631,1,0
HACDp,0,0,0,0,0,0
HADPCOADH3,0,0,0,0,0,0
HCO3E,1000,-1000,1.573699982,-570.111197,1,0
HDC,0,0,0,0,0,0
HDCAt2,0,-8.499364137,0,-8.499364137,0,0
HDH,999.207364,-285.2965086,0,-196.2723663,1,1
HEPK1,-0.250105977,-0.250105977,-0.250105977,-0.250105977,0,0
HEPK2,-0.250105977,-0.250105977,-0.250105977,-0.250105977,0,0
HEPT1,-0.250105977,-0.250105977,-0.250105977,-0.250105977,0,0
HEPT2,-0.250105977,-0.250105977,-0.250105977,-0.250105977,0,0
HEPT3,-0.250105977,-0.250105977,-0.250105977,-0.250105977,0,0
HEPT4,-0.250105977,-0.250105977,-0.250105977,-0.250105977,0,0
HEX1,0,-1000,0,-58.74947011,1,1
HEXTT,0.030964669,0.030964669,0.030964669,0.030964669,1,0
HGNTOR,0,0,0,0,0,0
HIBDkt,-2.22E-16,-39.65938865,0,-39.65938865,1,1
HISDr,284.5038726,1.01E-13,195.4797303,0,1,1
HISTP,-0.792636001,-285.2965086,-0.792636001,-196.2723663,1,0
HIUH,0,0,0,0,0,0
HKYNH,0,0,0,0,0,0
HKt,0,-0.061929337,0,0,1,1
HMBS,0.061929337,0.061929337,0.061929337,0.061929337,0,0
HMGL,0.851843371,0,0.851843371,0,0,0
HPPK2,0,-0.092894006,0,-0.092894006,1,1
HPYRDC,0.092894006,0.092894006,0.092894006,0.092894006,1,0
HSDH,1000,0,0,0,1,1
HSDx,1000,0,251.8374731,20.25687156,1,0
HSERTA,0,-44.23819601,0,-39.87444565,1,1
HSK,0,-1000,0,-280.1572597,1,1
HSPMS,0,0,0,0,0,0
HXAND,0,-989.1310001,0,-3.240709042,1,1
HXANt2pp,10,-52.03785538,10,-52.03785538,0,0
HXPRT,0,-987.4619018,0,-0.876462272,1,1
HYD1,0,0,0,0,0,0
Ht,1000,-1000,0,0,1,1
IBPHn,0,0,0,0,0,0
ICDHx,0,-379.3384969,0,-184.6521703,1,1
ICH,-0.792636001,-285.2965086,-0.792636001,-196.2723663,1,0
ICL,0,-1000,0,-300.738953,1,1
IDPh,1000,12.53809821,33.47909647,12.53809821,1,0
IDS1,6.068159678,0,1.175189084,0,1,1
IG3PS,285.2965086,0.792636001,196.2723663,0.792636001,1,0
IGPDH,285.2965086,0.792636001,196.2723663,0.792636001,1,0
IGPS,0,0,0,0,0,0
IMACTD,0,0,0,0,0,0
IMDHT,-3.753888475,-4.605731846,-3.753888475,-4.605731846,0,0
IMDHT_3c2hmp,4.605731846,3.753888475,4.605731846,3.753888475,0,0
IMPD,987.4619018,-51.29938258,5.801687586,-51.29938258,1,0
INSH,0,-1000,0,-162.8010044,1,1
INSt2,10,-52.03785538,10,-52.03785538,0,0
IPDPS,6.068159678,0,6.068159678,2.779741788,1,0
IPMD,-3.753888475,-4.605731846,-3.753888475,-4.605731846,0,0
IPPS,-3.753888475,-4.605731846,-3.753888475,-4.605731846,0,0
ITCY,68.39984958,-1000,0,-10,1,1
IZPN,284.5038726,0,195.4797303,0,1,1
KARI,42.92921712,2.417985103,3.269828474,2.417985103,1,0
KARI_23dhmb,992.6618503,-1000,0,-9.041836445,1,1
KARI_23dhmp,42.92921712,2.417985103,15.47225031,2.417985103,1,0
KARI_3hmoa,1000,-992.6618503,7.338149703,0,1,1
KDOCT,-0.750317931,-0.750317931,-0.750317931,-0.750317931,0,0
KDOPP,0.750317931,0.750317931,0.750317931,0.750317931,0,0
KDOPS,0.750317931,0.750317931,0.750317931,0.750317931,0,0
KYN3OX,0,0,0,0,0,0
Kt1,0.061929337,0,0.061929337,0.061929337,1,0
LCADi,0,0,0,0,0,0
LDH_L,1000,0,0,0,1,1
LPLIPAL1A120pp,379.4449773,0,282.5714194,0,1,1
LPLIPAL1A140pp,1000,-1000,0,0,1,1
LPLIPAL1A141pp,0,0,0,0,0,0
LPLIPAL1A160pp,379.4449773,0,320.9164863,0,1,1
LPLIPAL1A180pp,379.4449773,0,320.9164863,0,1,1
LPLIPAL2A120,379.4449773,0,0,0,1,1
LPLIPAL2A140,1000,-1000,0,0,1,1
LPLIPAL2A141,0,0,0,0,0,0
LPLIPAL2A160,379.4449773,0,277.5714194,0,1,1
LPLIPAL2A180,379.4449773,0,291.0484886,0,1,1
LPLIPAL2E160,1000,-1000,0,-0.106480421,1,1
LPLIPAL2E180,1000,-379.3384969,0,-270.2556512,1,1
LTDCL,0,0,0,0,0,0
LYSRC,0,0,0,0,0,0
LYSt2m,-3.104486182,-3.104486182,-3.104486182,-3.104486182,0,0
L_LACD2,1000,0,0,0,1,1
L_LACD3,1000,0,0,0,1,1
L_LACDcm,39.65938865,0,39.65938865,0,0,0
MALS,0,-580.8116422,0,-171.6232844,1,1
MALT,1000,0,10,8.622345447,1,0
MALTabc,10,0,10,0,0,0
MALTpts,0,0,0,0,0,0
MALt2_2,10,-253.1442716,10,-253.1442716,0,0
MAN1PT2,1.315367156,-2.69E-15,1.315367156,1.11E-14,1,0
MAN6PI,10,-175.6855868,10,-175.6855868,0,0
MANAO,0,0,0,0,0,0
MANpts,10,-175.6855868,10,-175.6855868,0,0
MATm,-0.154823343,-987.6167251,-0.154823343,-0.154823343,1,0
MCCC,0.851843371,0,0.851843371,-3.33E-16,1,0
MCITD,0,-39.65938865,0,-39.65938865,0,0
MCITL2,39.65938865,0,39.65938865,0,0,0
MCITS,0,-39.65938865,0,-39.64390631,1,1
MCLOR,0,0,0,0,0,0
MCOATA,-9.972014472,-9.972014472,-9.972014472,-9.972014472,0,0
MCPST,0,0,0,0,0,0
MCS,-3.060812433,-6.678072113,-3.060812433,-6.678072113,1,0
MCSNAH,0,0,0,0,0,0
MDH,0,-1000,0,-135.9815933,1,1
MDHC_nadp_hr,0,-1000,0,-168.8610631,1,1
MECDPDH2,6.678072113,3.060812433,6.678072113,3.060812433,0,0
METDabc,0,0,0,0,0,0
METSOX1abcpp,0,-2.163337822,0,-2.163337822,0,0
METSOXR1,0,-2.163337822,0,-2.163337822,0,0
METabc,0,-2.163337822,0,-2.163337822,0,0
MG2abc,0,-0.030964669,0,0,1,1
MG2t,0.030964669,0,0.030964669,0.030964669,1,0
MGC,0.851843371,0,0.851843371,-1.11E-16,1,0
MI1PP,0,0,0,0,0,0
MI3PP,0,0,0,0,0,0
MI4PP,0,0,0,0,0,0
MICITDr,0,-39.65938865,0,-39.64390631,1,1
MIHKPP,0,0,0,0,0,0
MMSAD3,1000,-1000,281.2271614,-157.0205373,1,0
MMSDH,0,-39.65938865,0,-39.65938865,0,0
MN2t3pp,0.030964669,0.030964669,0.030964669,0.030964669,1,0
MNXR10704,0,0,0,0,0,0
MNXR10705,0,0,0,0,0,0
MNXR113142,0.657683578,0,0.657683578,0,0,0
MNXR113143,0.657683578,0,0.657683578,0,0,0
MNXR113144,0.657683578,0,0.657683578,0,0,0
MNXR117163,0.657683578,0,0.657683578,0,0,0
MNXR117165,0.328841789,0,0.328841789,0,0,0
MNXR12173,0,0,0,0,0,0
MNXR14387,0,0,0,0,0,0
MNXR14507,0,0,0,0,0,0
MNXR14578,1000,-1000,22.73706279,-114.4999505,1,0
MNXR14719,0,0,0,0,0,0
MNXR14762,0,0,0,0,0,0
MNXR14768,0.854358928,-1.308978894,0.854358928,-1.308978894,0,0
MNXR15065,42.92921712,0,0.854358928,0,1,1
MNXR15262,1000,-1000,612.924351,0,1,1
MNXR15436,0,0,0,0,0,0
MNXR15510,0,0,0,0,0,0
MNXR15609,0,0,0,0,0,0
MNXR15641,0,0,0,0,0,0
MNXR15642,1000,-1000,0,0,1,1
MNXR15797,0,0,0,0,0,0
MNXR15867,-0.030964669,-0.030964669,-0.030964669,-0.030964669,1,0
MNXR1587,0,-0.092894006,0,-0.092894006,0,0
MNXR15972,0,0,0,0,0,0
MNXR15973,0,0,0,0,0,0
MNXR160,1000,-1000,0,-834.1930498,1,1
MNXR16018,0,0,0,0,0,0
MNXR16204,0,0,0,0,0,0
MNXR16236,0,0,0,0,0,0
MNXR16239,0,0,0,0,0,0
MNXR16307,1000,0,0,0,1,1
MNXR16994,0,0,0,0,0,0
MNXR16995,0,0,0,0,0,0
MNXR17004,0,0,0,0,0,0
MNXR17026,0,0,0,0,0,0
MNXR17153,0,0,0,0,0,0
MNXR17265,0,0,0,0,0,0
MNXR17268,0,0,0,0,0,0
MNXR17296,1000,-1000,0,0,1,1
MNXR17297,1000,-1000,0,0,1,1
MNXR17649,0,0,0,0,0,0
MNXR17653,0,0,0,0,0,0
MNXR17657,0,0,0,0,0,0
MNXR17827,0,0,0,0,0,0
MNXR17833,0,0,0,0,0,0
MNXR17835,0,0,0,0,0,0
MNXR17903,0,0,0,0,0,0
MNXR17904,0,0,0,0,0,0
MNXR17916,0,0,0,0,0,0
MNXR17974,0,0,0,0,0,0
MNXR17999,0,0,0,0,0,0
MNXR18003,0,0,0,0,0,0
MNXR18214,1000,-1000,152.9636159,0,1,1
MNXR1991,0,0,0,0,0,0
MNXR20056,0,0,0,0,0,0
MNXR2062,1000,-1000,0,0,1,1
MNXR22677,0,0,0,0,0,0
MNXR2293,0,0,0,0,0,0
MNXR27601,0,0,0,0,0,0
MNXR27602,0,0,0,0,0,0
MNXR27603,0,0,0,0,0,0
MNXR27604,0,0,0,0,0,0
MNXR27605,0,0,0,0,0,0
MNXR27606,0,0,0,0,0,0
MNXR27634,-0.851843371,-0.851843371,-0.851843371,-0.851843371,0,0
MNXR27635,0.851843371,0.851843371,0.851843371,0.851843371,0,0
MNXR27636,0.851843371,0.851843371,0.851843371,0.851843371,0,0
MNXR27638,-0.851843371,-0.851843371,-0.851843371,-0.851843371,0,0
MNXR27639,0.851843371,0.851843371,0.851843371,0.851843371,0,0
MNXR27640,0.851843371,0.851843371,0.851843371,0.851843371,0,0
MNXR27642,-0.851843371,-0.851843371,-0.851843371,-0.851843371,0,0
MNXR27643,0.851843371,0.851843371,0.851843371,0.851843371,0,0
MNXR27644,0.851843371,0.851843371,0.851843371,0.851843371,0,0
MNXR27646,0.851843371,0.851843371,0.851843371,0.851843371,0,0
MNXR27647,-0.851843371,-0.851843371,-0.851843371,-0.851843371,0,0
MNXR27648,0.851843371,0.851843371,0.851843371,0.851843371,0,0
MNXR27650,0.851843371,0.851843371,0.851843371,0.851843371,0,0
MNXR27651,-0.851843371,-0.851843371,-0.851843371,-0.851843371,0,0
MNXR27652,0.851843371,0.851843371,0.851843371,0.851843371,0,0
MNXR27654,0.851843371,0.851843371,0.851843371,0.851843371,0,0
MNXR27655,-0.851843371,-0.851843371,-0.851843371,-0.851843371,0,0
MNXR27656,0.851843371,0.851843371,0.851843371,0.851843371,0,0
MNXR27659,-0.851843371,-0.851843371,-0.851843371,-0.851843371,0,0
MNXR27660,0.851843371,0.851843371,0.851843371,0.851843371,0,0
MNXR27661,0.851843371,0.851843371,0.851843371,0.851843371,0,0
MNXR27663,-0.851843371,-0.851843371,-0.851843371,-0.851843371,0,0
MNXR27664,0.851843371,0.851843371,0.851843371,0.851843371,0,0
MNXR27665,0.851843371,0.851843371,0.851843371,0.851843371,0,0
MNXR27667,-0.851843371,-0.851843371,-0.851843371,-0.851843371,0,0
MNXR27668,0.851843371,0.851843371,0.851843371,0.851843371,0,0
MNXR27669,0.851843371,0.851843371,0.851843371,0.851843371,0,0
MNXR27671,0.851843371,0.851843371,0.851843371,0.851843371,0,0
MNXR27672,-0.851843371,-0.851843371,-0.851843371,-0.851843371,0,0
MNXR27673,0.851843371,0.851843371,0.851843371,0.851843371,0,0
MNXR27675,0.851843371,0.851843371,0.851843371,0.851843371,0,0
MNXR27676,-0.851843371,-0.851843371,-0.851843371,-0.851843371,0,0
MNXR27677,0.851843371,0.851843371,0.851843371,0.851843371,0,0
MNXR27679,0.851843371,0.851843371,0.851843371,0.851843371,0,0
MNXR27680,-0.851843371,-0.851843371,-0.851843371,-0.851843371,0,0
MNXR27681,0.851843371,0.851843371,0.851843371,0.851843371,0,0
MNXR27684,0,0,0,0,0,0
MNXR27686,0,0,0,0,0,0
MNXR27688,0,0,0,0,0,0
MNXR27690,0,0,0,0,0,0
MNXR27692,0,0,0,0,0,0
MNXR27694,0,0,0,0,0,0
MNXR27696,0,0,0,0,0,0
MNXR27698,0,0,0,0,0,0
MNXR27700,0,0,0,0,0,0
MNXR27702,0,0,0,0,0,0
MNXR27704,0,0,0,0,0,0
MNXR27706,0,0,0,0,0,0
MNXR2772,0,0,0,0,0,0
MNXR27735,0,0,0,0,0,0
MNXR27737,0,0,0,0,0,0
MNXR27805,0,0,0,0,0,0
MNXR27856,0.030964669,0.030964669,0.030964669,0.030964669,0,0
MNXR2786,-1.000423908,-1.000423908,-1.000423908,-1.000423908,0,0
MNXR2826,1.081668911,0,1.081668911,0,0,0
MNXR2832,0,-1000,0,-0.030964669,1,1
MNXR28652,0,0,0,0,0,0
MNXR28653,0,0,0,0,0,0
MNXR28654,0,0,0,0,0,0
MNXR28660,0,-987.4619018,0,0,1,1
MNXR28662,-0.425921685,-0.425921685,-0.425921685,-0.425921685,0,0
MNXR28663,-0.425921685,-0.425921685,-0.425921685,-0.425921685,0,0
MNXR28664,0,0,0,0,0,0
MNXR28665,0,0,0,0,0,0
MNXR28666,0,0,0,0,0,0
MNXR28667,0,0,0,0,0,0
MNXR28671,-0.425921685,-0.425921685,-0.425921685,-0.425921685,0,0
MNXR28672,-0.425921685,-0.425921685,-0.425921685,-0.425921685,0,0
MNXR28673,0,0,0,0,0,0
MNXR28674,0,0,0,0,0,0
MNXR28675,0,0,0,0,0,0
MNXR28676,0,0,0,0,0,0
MNXR28683,-0.106480421,-0.106480421,-0.106480421,-0.106480421,0,0
MNXR28684,-0.106480421,-0.106480421,-0.106480421,-0.106480421,0,0
MNXR28685,0,0,0,0,0,0
MNXR28686,0,0,0,0,0,0
MNXR28687,0,0,0,0,0,0
MNXR28688,0,0,0,0,0,0
MNXR28689,0.106480421,0.106480421,0.106480421,0.106480421,0,0
MNXR28690,0.106480421,0.106480421,0.106480421,0.106480421,0,0
MNXR28691,0,0,0,0,0,0
MNXR28692,0,0,0,0,0,0
MNXR28693,0,0,0,0,0,0
MNXR28694,0,0,0,0,0,0
MNXR28710,0,0,0,0,0,0
MNXR28711,0,0,0,0,0,0
MNXR28712,0,0,0,0,0,0
MNXR28713,0,0,0,0,0,0
MNXR28714,0,0,0,0,0,0
MNXR28715,0,0,0,0,0,0
MNXR28716,-0.319441264,-0.319441264,-0.319441264,-0.319441264,0,0
MNXR28717,-0.319441264,-0.319441264,-0.319441264,-0.319441264,0,0
MNXR28718,0,0,0,0,0,0
MNXR28719,0,0,0,0,0,0
MNXR28720,0,0,0,0,0,0
MNXR28721,0,0,0,0,0,0
MNXR28722,0.319441264,0.319441264,0.319441264,0.319441264,0,0
MNXR28723,0.319441264,0.319441264,0.319441264,0.319441264,0,0
MNXR29077,0,-0.986525367,0,-0.986525367,1,1
MNXR29256,987.4619018,0,0,0,1,1
MNXR2929,987.4619018,0,0,0,1,1
MNXR2930,0,0,0,0,0,0
MNXR29604,0,0,0,0,0,0
MNXR29606,0,0,0,0,0,0
MNXR29607,0,0,0,0,0,0
MNXR31648,999.9690353,-0.030964669,0,-0.030964669,1,1
MNXR3231,0,0,0,0,0,0
MNXR32524,1.206766046,1.206766046,1.206766046,1.206766046,0,0
MNXR3277,1000,-1000,0,-0.106480421,1,1
MNXR3279,1000,-1000,0,-0.38942697,1,1
MNXR3312,1000,-1000,0,-0.106480421,1,1
MNXR33771,0,0,0,0,0,0
MNXR33785,0,0,0,0,0,0
MNXR33807,0,0,0,0,0,0
MNXR34453,0,0,0,0,0,0
MNXR3469,0,0,0,0,0,0
MNXR3495,1.432837569,-0.730500254,1.432837569,-0.730500254,0,0
MNXR3536,0,0,0,0,0,0
MNXR35657,-3.45E-13,-379.3384969,-7.27E-14,-184.6521703,1,0
MNXR40035,0,0,0,0,0,0
MNXR40622,1000,-7.533031773,0,-7.533031773,1,1
MNXR4313,1000,-1000,0,-0.106480421,1,1
MNXR4335,1000,-1000,0,-0.106480421,1,1
MNXR4402,0,-1.206766046,0,-1.206766046,0,0
MNXR4403,0,-1.206766046,0,-1.206766046,0,0
MNXR4458,0,0,0,0,0,0
MNXR46338,0,0,0,0,0,0
MNXR47135,0,0,0,0,0,0
MNXR5314,0.250105977,0.250105977,0.250105977,0.250105977,0,0
MNXR53357,-0.851843371,-0.851843371,-0.851843371,-0.851843371,0,0
MNXR53358,-0.851843371,-0.851843371,-0.851843371,-0.851843371,0,0
MNXR53359,0,0,0,0,0,0
MNXR53360,0,0,0,0,0,0
MNXR53361,0.851843371,0.851843371,0.851843371,0.851843371,0,0
MNXR53362,0,0,0,0,0,0
MNXR53363,0.851843371,0.851843371,0.851843371,0.851843371,0,0
MNXR53364,0,0,0,0,0,0
MNXR53365,0,0,0,0,0,0
MNXR53366,-1.500635863,-988.9625377,-1.500635863,-1.500635863,1,0
MNXR53368,0,0,0,0,0,0
MNXR5404,379.3384969,0,184.6521703,0,1,1
MNXR5449,0,0,0,0,0,0
MNXR5475,0.030964669,0.030964669,0.030964669,0.030964669,1,0
MNXR55674,0.250105977,0.250105977,0.250105977,0.250105977,0,0
MNXR55989,-0.250105977,-0.250105977,-0.250105977,-0.250105977,0,0
MNXR55990,-0.250105977,-0.578947766,-0.250105977,-0.578947766,0,0
MNXR5630,0,0,0,0,0,0
MNXR5681,0,0,0,0,0,0
MNXR5689,0,0,0,0,0,0
MNXR5724,0,0,0,0,0,0
MNXR5727,0,0,0,0,0,0
MNXR57329,0,0,0,0,0,0
MNXR5765,0,0,0,0,0,0
MNXR578,-0.123858674,-987.5857605,-0.123858674,-0.123858674,1,0
MNXR58251,0,-1000,0,-0.792636001,1,1
MNXR5856,0,0,0,0,0,0
MNXR58824,1.000423908,1.000423908,1.000423908,1.000423908,0,0
MNXR5887,0,0,0,0,0,0
MNXR5910,0,0,0,0,0,0
MNXR59227,0,-1000,0,-4.02440426,1,1
MNXR5927,0,0,0,0,0,0
MNXR59665,0,0,0,0,0,0
MNXR59713,0,0,0,0,0,0
MNXR59771,0,0,0,0,0,0
MNXR59886,0,0,0,0,0,0
MNXR60025,-0.030964669,-0.030964669,-0.030964669,-0.030964669,1,0
MNXR6030,0,0,0,0,0,0
MNXR60319,0,0,0,0,0,0
MNXR60320,0,0,0,0,0,0
MNXR60327,0,0,0,0,0,0
MNXR6043,0.030964669,0.030964669,0.030964669,0.030964669,1,0
MNXR60581,0,0,0,0,0,0
MNXR60651,0,0,0,0,0,0
MNXR60681,0,0,0,0,0,0
MNXR60682,0,0,0,0,0,0
MNXR60684,0,0,0,0,0,0
MNXR60685,0,0,0,0,0,0
MNXR60686,0,0,0,0,0,0
MNXR60687,0,0,0,0,0,0
MNXR60688,0,0,0,0,0,0
MNXR60689,0,0,0,0,0,0
MNXR60692,0,0,0,0,0,0
MNXR6106,0,0,0,0,0,0
MNXR6164,0,0,0,0,0,0
MNXR61873,0,0,0,0,0,0
MNXR6274,0,0,0,0,0,0
MNXR6283,0,0,0,0,0,0
MNXR62992,0,0,0,0,0,0
MNXR6311,0,0,0,0,0,0
MNXR6332,0,0,0,0,0,0
MNXR63965,0,0,0,0,0,0
MNXR63966,0,0,0,0,0,0
MNXR63967,0,0,0,0,0,0
MNXR63968,0,0,0,0,0,0
MNXR63969,0,0,0,0,0,0
MNXR63971,0,0,0,0,0,0
MNXR63972,0,0,0,0,0,0
MNXR63973,0,0,0,0,0,0
MNXR63975,0,0,0,0,0,0
MNXR6493,0,0,0,0,0,0
MNXR6494,1000,-1000,225.7483516,0,1,1
MNXR6532,0,0,0,0,0,0
MNXR6539,0,0,0,0,0,0
MNXR65450,0,0,0,0,0,0
MNXR65498,0,0,0,0,0,0
MNXR6555,0,0,0,0,0,0
MNXR6631,0,0,0,0,0,0
MNXR67415,0.250105977,0.250105977,0.250105977,0.250105977,0,0
MNXR6834,0,0,0,0,0,0
MNXR6908,0,0,0,0,0,0
MNXR69161,0,0,0,0,0,0
MNXR69337,1000,-1000,0,0,1,1
MNXR69346,1000,-1000,0,0,1,1
MNXR69352,1000,-1000,0.106480421,0,1,1
MNXR6969,0,0,0,0,0,0
MNXR69693,0,0,0,0,0,0
MNXR69694,0,0,0,0,0,0
MNXR6970,1000,-1000,3.102165395,0,1,1
MNXR69727,1000,-1000,0,-0.106480421,1,1
MNXR69749,1000,-1000,0,-0.106480421,1,1
MNXR69763,1000,-1000,0,0,1,1
MNXR69802,0,-379.4449773,0,-287.5714194,1,1
MNXR69813,0,-379.4449773,0,-320.4232236,1,1
MNXR69814,0,0,0,0,0,0
MNXR70083,0,0,0,0,0,0
MNXR70220,0,0,0,0,0,0
MNXR70329,0,0,0,0,0,0
MNXR70375,0,-409.7768196,0,-215.0904931,1,1
MNXR7063,0,0,0,0,0,0
MNXR70958,0,0,0,0,0,0
MNXR71149,0,0,0,0,0,0
MNXR71171,0,0,0,0,0,0
MNXR7118,0,0,0,0,0,0
MNXR71184,0,0,0,0,0,0
MNXR71295,0,0,0,0,0,0
MNXR7133,0,0,0,0,0,0
MNXR7136,0,0,0,0,0,0
MNXR71393,0,0,0,0,0,0
MNXR71411,0,0,0,0,0,0
MNXR71500,0,0,0,0,0,0
MNXR71594,0,0,0,0,0,0
MNXR71850,1000,-1000,42.06112363,0,1,1
MNXR7212,0,0,0,0,0,0
MNXR72719,0,0,0,0,0,0
MNXR7297,0,0,0,0,0,0
MNXR73656,0.092894006,0,0.092894006,0,1,1
MNXR73710,0,0,0,0,0,0
MNXR73713,0,0,0,0,0,0
MNXR73934,0,0,0,0,0,0
MNXR74185,0,0,0,0,0,0
MNXR74304,0,-0.092894006,0,-0.092894006,0,0
MNXR74373,0,0,0,0,0,0
MNXR74388,0.092894006,0,0.092894006,0,1,1
MNXR7442,0,0,0,0,0,0
MNXR7459,39.70583565,-0.015482334,39.70583565,-0.015482334,1,0
MNXR74626,0,0,0,0,0,0
MNXR74716,0,0,0,0,0,0
MNXR74717,0,0,0,0,0,0
MNXR74722,0,0,0,0,0,0
MNXR74782,0,0,0,0,0,0
MNXR74931,0,0,0,0,0,0
MNXR74932,0,0,0,0,0,0
MNXR75041,0,0,0,0,0,0
MNXR75218,0,0,0,0,0,0
MNXR75220,0,0,0,0,0,0
MNXR75221,0,0,0,0,0,0
MNXR75248,0,0,0,0,0,0
MNXR75249,0,0,0,0,0,0
MNXR75271,0,0,0,0,0,0
MNXR7594,1000,-1000,0,0,1,1
MNXR7613,987.4619018,0,0,0,1,1
MNXR7644,0,0,0,0,0,0
MNXR7721,0,0,0,0,0,0
MNXR7792,0,0,0,0,0,0
MNXR78083,0,0,0,0,0,0
MNXR79288,10,-1000,10,-8.749470114,1,0
MNXR79548,1000,-997.5820149,15.88394452,-4.761329134,1,0
MNXR79575,0,-39.65938865,0,-39.64390631,1,1
MNXR79601,0,-19.82969432,0,-19.82195316,1,1
MNXR79604,0,-44.23819601,0,-1.308978894,1,1
MNXR79613,409.7768196,0,212.1321128,0,1,1
MNXR79615,0,0,0,0,0,0
MNXR79647,0,0,0,0,0,0
MNXR79704,-2.417985103,-42.92921712,-2.417985103,-42.91373479,1,0
MNXR79735,0,0,0,0,0,0
MNXR79878,0,-1000,0,-0.851843371,1,1
MNXR79883,0.061929337,0.061929337,0.061929337,0.061929337,0,0
MNXR80058,0,-40.51123202,0,-40.49574968,1,1
MNXR80306,39.65938865,0,39.65938865,0,0,0
MNXR80308,40.51123202,0,40.49574968,0.851843371,1,0
MNXR80309,40.51123202,0,28.48083524,0,1,1
MNXR80323,0,0,0,0,0,0
MNXR80370,0,0,0,0,0,0
MNXR80378,0,0,0,0,0,0
MNXR80380,0,0,0,0,0,0
MNXR80382,1000,0,0,0,1,1
MNXR80383,1000,-1000,0.106480421,0,1,1
MNXR80385,0,0,0,0,0,0
MNXR80400,0,0,0,0,0,0
MNXR80403,0,0,0,0,0,0
MNXR80405,0,-1000,0,0,1,1
MNXR80406,1000,-1000,0,0,1,1
MNXR80464,0,0,0,0,0,0
MNXR80501,-0.425921685,-0.425921685,-0.425921685,-0.425921685,0,0
MNXR80502,-0.425921685,-0.425921685,-0.425921685,-0.425921685,0,0
MNXR80503,0,0,0,0,0,0
MNXR80504,0,0,0,0,0,0
MNXR80505,0,0,0,0,0,0
MNXR80506,0,0,0,0,0,0
MNXR80553,0,0,0,0,0,0
MNXR80555,-0.106480421,-0.106480421,-0.106480421,-0.106480421,0,0
MNXR80556,0.106480421,0.106480421,0.106480421,0.106480421,0,0
MNXR80557,0.106480421,0.106480421,0.106480421,0.106480421,0,0
MNXR80558,0,0,0,0,0,0
MNXR80559,0,0,0,0,0,0
MNXR80560,0,0,0,0,0,0
MNXR80561,0,0,0,0,0,0
MNXR8073,0,0,0,0,0,0
MNXR80794,0.030964669,0.030964669,0.030964669,0.030964669,0,0
MNXR80876,0,0,0,0,0,0
MNXR80878,0,0,0,0,0,0
MNXR80879,0,0,0,0,0,0
MNXR81103,0.061929337,0.061929337,0.061929337,0.061929337,0,0
MNXR8129,0,0,0,0,0,0
MNXR8203,0,0,0,0,0,0
MNXR8219,0,0,0,0,0,0
MNXR8221,0,0,0,0,0,0
MNXR8252,0,0,0,0,0,0
MNXR8269,0,0,0,0,0,0
MNXR8303,0,0,0,0,0,0
MNXR8328,0,0,0,0,0,0
MNXR8404,0,0,0,0,0,0
MNXR84520,0,0,0,0,0,0
MNXR84532,0,0,0,0,0,0
MNXR84576,0,0,0,0,0,0
MNXR84580,0,0,0,0,0,0
MNXR84631,1000,-1000,0,0,1,1
MNXR84761,0,0,0,0,0,0
MNXR84794,0,0,0,0,0,0
MNXR84885,0,-1.081668911,0,-1.081668911,0,0
MNXR84910,0,0,0,0,0,0
MNXR84911,0,0,0,0,0,0
MNXR84987,0,0,0,0,0,0
MNXR85051,0,0,0,0,0,0
MNXR85052,0,0,0,0,0,0
MNXR85058,0,0,0,0,0,0
MNXR85082,0,0,0,0,0,0
MNXR85159,0,0,0,0,0,0
MNXR85179,0,0,0,0,0,0
MNXR85205,0,0,0,0,0,0
MNXR85233,0,0,0,0,0,0
MNXR85234,0,0,0,0,0,0
MNXR85248,0,0,0,0,0,0
MNXR85267,1000,-1000,0,0,1,1
MNXR85268,1000,-1000,0,0,1,1
MNXR85270,1000,-1000,0,0,1,1
MNXR85277,0,0,0,0,0,0
MNXR85287,1000,-1000,0,0,1,1
MNXR85297,0,-0.092894006,0,-0.092894006,1,1
MNXR85306,0,0,0,0,0,0
MNXR85308,0,0,0,0,0,0
MNXR85310,1000,-1000,0,0,1,1
MNXR85314,0,0,0,0,0,0
MNXR85335,0,0,0,0,0,0
MNXR85362,0,0,0,0,0,0
MNXR85363,0.030964669,0.030964669,0.030964669,0.030964669,0,0
MNXR85368,0,-1000,0,0,1,1
MNXR85427,0,0,0,0,0,0
MNXR85428,0,0,0,0,0,0
MNXR85460,999.9690353,-998.4601438,1.539856223,-0.030964669,1,0
MNXR85534,8.88E-16,0,0,0,1,1
MNXR85555,0,0,0,0,0,0
MNXR85587,0,-1000,0,0,1,1
MNXR85589,0,0,0,0,0,0
MNXR85709,0,0,0,0,0,0
MNXR8571,0,0,0,0,0,0
MNXR85731,0,0,0,0,0,0
MNXR85739,0,0,0,0,0,0
MNXR85754,8.88E-16,0,0,0,1,1
MNXR85795,0,0,0,0,0,0
MNXR85856,0,0,0,0,0,0
MNXR8605,1000,-1000,0,0,1,1
MNXR8691,0,0,0,0,0,0
MNXR86939,0,0,0,0,0,0
MNXR8700,0,0,0,0,0,0
MNXR87148,1.000423908,-998.9995761,1.000423908,-20.37614511,1,0
MNXR8716,0,0,0,0,0,0
MNXR87173,0,0,0,0,0,0
MNXR8742,0,0,0,0,0,0
MNXR8903,0,0,0,0,0,0
MNXR8926,0,0,0,0,0,0
MNXR8994,1000,-1000,9.972014472,-5.978478074,1,0
MNXR9029,0,0,0,0,0,0
MNXR90744,0,0,0,0,0,0
MNXR92341,0,-379.4449773,0,0,1,1
MNXR93624,1000,-1000,0,0,1,1
MNXR93625,0,0,0,0,0,0
MNXR93681,0,0,0,0,0,0
MNXR93694,0,0,0,0,0,0
MNXR93698,0,-42.92921712,0,-19.75084502,1,1
MNXR93703,0,0,0,0,0,0
MNXR93704,1000,-996.2461115,34.54705793,0,1,1
MNXR93715,1000,-1000,8.706816967,0,1,1
MNXR93716,0,0,0,0,0,0
MNXR93746,493.2927198,-1000,0,-1.669098273,1,1
MNXR93748,1000,-997.5820149,2.417985103,0,1,1
MNXR93752,0,0,0,0,0,0
MNXR93753,0,-284.5038726,0,-195.4797303,1,1
MNXR93771,0,0,0,0,0,0
MNXR93774,0,0,0,0,0,0
MNXR93778,0,0,0,0,0,0
MNXR93797,0,0,0,0,0,0
MNXR93798,1000,-1000,0,0,1,1
MNXR93834,0,0,0,0,0,0
MNXR93840,0,0,0,0,0,0
MNXR93844,1000,-1000,0,0,1,1
MNXR93845,1000,-1000,0,0,1,1
MNXR93864,0,0,0,0,0,0
MNXR93865,0,0,0,0,0,0
MNXR93869,0,0,0,0,0,0
MNXR93881,0,0,0,0,0,0
MNXR93945,1000,-1000,0,0,1,1
MNXR93946,1000,-1000,0,0,1,1
MNXR93966,0,0,0,0,0,0
MNXR94017,0,0,0,0,0,0
MNXR94061,0,0,0,0,0,0
MNXR94063,0,0,0,0,0,0
MNXR94066,0,0,0,0,0,0
MNXR94094,0,0,0,0,0,0
MNXR94163,0,0,0,0,0,0
MNXR94164,1000,-1000,0,0,1,1
MNXR94165,1000,-1000,0,0,1,1
MNXR94166,1000,-1000,0,0,1,1
MNXR94179,0,0,0,0,0,0
MNXR94180,0,0,0,0,0,0
MNXR94181,0,0,0,0,0,0
MNXR94182,0,0,0,0,0,0
MNXR94183,0,0,0,0,0,0
MNXR94184,0,0,0,0,0,0
MNXR94190,0,-10,0,-10,0,0
MNXR94192,-0.250105977,-0.250105977,-0.250105977,-0.250105977,0,0
MNXR94194,1000,-1000,0.106480421,0,1,1
MNXR94195,0,0,0,0,0,0
MNXR94196,1000,-1000,0,0,1,1
MNXR94197,1000,-1000,0,0,1,1
MNXR94198,1000,-1000,0,0,1,1
MNXR94199,0,0,0,0,0,0
MNXR94200,1000,-1000,0,0,1,1
MNXR94201,1000,-1000,0,0,1,1
MNXR94202,999.6805587,-1000,0,-0.319441264,1,1
MNXR94217,1000,-1000,0.106480421,0,1,1
MNXR94218,0,0,0,0,0,0
MNXR94219,1000,-1000,0,0,1,1
MNXR94220,1000,-1000,0.106480421,0,1,1
MNXR94221,1000,-1000,0,0,1,1
MNXR94222,1000,-1000,0,0,1,1
MNXR94223,0,0,0,0,0,0
MNXR94224,1000,-1000,0,0,1,1
MNXR94225,1000,-1000,0,0,1,1
MNXR94226,999.6805587,-1000,0,-0.319441264,1,1
MNXR94227,1000,-1000,0,0,1,1
MNXR94245,1000,-1000,0,0,1,1
MNXR94246,0,0,0,0,0,0
MNXR94247,1000,-1000,0,0,1,1
MNXR94248,1000,-1000,0,0,1,1
MNXR94249,1000,-1000,0,0,1,1
MNXR94250,1000,-1000,0,0,1,1
MNXR94251,0,0,0,0,0,0
MNXR94252,1000,-1000,0,0,1,1
MNXR94253,1000,-1000,0,0,1,1
MNXR94254,1000,-999.6805587,0.319441264,0,1,1
MNXR94255,1000,-1000,0,0,1,1
MNXR94256,1000,-1000,0,-0.106480421,1,1
MNXR94257,0,0,0,0,0,0
MNXR94258,1000,-1000,0,-0.106480421,1,1
MNXR94259,1000,-1000,0,0,1,1
MNXR94260,1000,-1000,0,0,1,1
MNXR94261,1000,-1000,0,0,1,1
MNXR94262,0,0,0,0,0,0
MNXR94263,1000,-1000,0,0,1,1
MNXR94264,1000,-1000,0,0,1,1
MNXR94265,1000,-999.6805587,0.319441264,0,1,1
MNXR94266,0,0,0,0,0,0
MNXR94267,-0.250105977,-0.250105977,-0.250105977,-0.250105977,0,0
MNXR94312,0,0,0,0,0,0
MNXR94313,0,0,0,0,0,0
MNXR94325,999.9690353,-999.5896873,0.410312695,-0.030964669,1,0
MNXR94332,0,-987.4619018,0,0,1,1
MNXR94333,0,-987.4619018,0,0,1,1
MNXR94334,0,-379.4449773,0,0,1,1
MNXR94338,0,0,0,0,0,0
MNXR94426,0,0,0,0,0,0
MNXR94492,0,0,0,0,0,0
MOAT,-0.250105977,-0.250105977,-0.250105977,-0.250105977,0,0
MOAT2,0.250105977,0.250105977,0.250105977,0.250105977,0,0
MOAT3C,-0.250105977,-0.250105977,-0.250105977,-0.250105977,0,0
MOD,0,-39.65938865,0,-24.04832722,1,1
MOD_3mhtpp,0.851843371,0,0.851843371,0,0,0
MOD_4mop,0,-0.851843371,0,-0.851843371,0,0
MOHMT,0.061929337,0.061929337,0.061929337,0.061929337,1,0
MPPM,1.315367156,0,1.315367156,0,0,0
MQN7t,0.061929337,0.061929337,0.061929337,0.061929337,0,0
MTAP,0,0,0,0,0,0
MTHFC,999.1763993,-437.7388135,0,-437.7388135,1,1
MTHFD,437.7388135,0.544918653,437.7388135,0.544918653,1,0
MTHFO,1000,-1000,0,-0.699535585,1,1
MTHFO_nadp,1000,-1000,30.93740765,-0.699535585,1,0
MTI,1000,-1000,0,0,1,1
MTRI,0,0,0,0,0,0
MUCCY_kt,0,0,0,0,0,0
NA1Hth,0,0,0,0,0,0
NADH10,1000,0,10,0,1,1
NADH5,1000,0,10,0,1,1
NADH6,0,-1000,0,-334.3506354,1,1
NADH9,999.9380707,0,0,0,1,1
NADK,999.5587226,-1000,0,-0.441277364,1,1
NADS1,0,0,0,0,0,0
NADTRHD,1000,-1000,79.16524655,-3.029931301,1,0
NAPRT,-0.030964669,-0.030964669,-0.030964669,-0.030964669,1,0
NAPT,0,0,0,0,0,0
NDPK2,16.08959026,-598.446351,16.08959026,-108.446351,1,0
NDPK3,393.8647618,-63.79060214,332.0880669,-63.79060214,1,0
NDPK4,1000,-999.5587226,0.441277364,0,1,1
NDPK6,987.4619018,0,0,0,1,1
NDPK7,-0.160206718,-78.5600563,-0.160206718,-78.5600563,0,0
NDPK8,998.1397303,-1000,0,-1.86026966,1,1
NDPK9,1000,-1000,30.1003316,-13.60057483,1,0
NEOXANS,0,0,0,0,0,0
NFORGLUAH,1000,0,38.1675309,0,1,1
NH4t,10,-130.618823,10,-130.618823,0,0
NMNHYD,0,-1000,0,0,1,1
NMNTP,0.061929337,0.061929337,0.061929337,0.061929337,1,0
NNDMBRT,-0.030964669,-0.030964669,-0.030964669,-0.030964669,1,0
NNDPR,0,0,0,0,0,0
NO2t2r,10,-10,10,-10,0,0
NO3R1,0,-1000,0,-10,1,1
NO3R2,1000,-10,10,-10,1,0
NO3t2,10,-10,10,-10,0,0
NPHS,0,0,0,0,0,0
NT5C,0,0,0,0,0,0
NTD1,1000,0,8.090438076,0,1,1
NTD10,988.2545378,0,1.669098273,0,1,1
NTD11,988.2545378,0,0.792636001,0,1,1
NTD2,0,-78.39984958,0,-70.80962346,1,1
NTD3,78.39984958,0,78.39984958,0,0,0
NTD4,1000,0,0,0,1,1
NTD5,1000,0,0,0,1,1
NTD6,62.03785538,0,62.03785538,0,0,0
NTD7,1000,0,0,0,1,1
NTRIR2x,20,0,18.58255023,0,1,1
NTRIR2y,20,0,6.023300425,0,1,1
O2t,20,0.170305677,20,0.170305677,0,0
OCDCAt2,0.851843371,0.851843371,0.851843371,0.851843371,0,0
OCOAT1,988.3137452,0,0.851843371,0,1,1
OF_Biomass_Synthesis,0.411052236,0,0.411052236,0,0,0
OHPBAT,0,0,0,0,0,0
OHPHM,0.030964669,0.030964669,0.030964669,0.030964669,1,0
OMCDC,-3.753888475,-4.605731846,-3.753888475,-4.605731846,0,0
OMPDC,0,-70.3094115,0,-70.3094115,0,0
OP4ENH,0,0,0,0,0,0
OPHBDC,-0.030964669,-0.030964669,-0.030964669,-0.030964669,1,0
ORDCh,0,-0.030964669,0,-0.030964669,0,0
ORNTA,0,-2.497932896,0,-2.497932896,0,0
ORPT,0,-70.3094115,0,-70.3094115,0,0
OXAMTC,0,0,0,0,0,0
OXOAEL,0,0,0,0,0,0
P5CD,0,-1000,0,-8.156453347,1,1
P5CR,1000,-1000,165.4595267,-4.783046953,1,0
P5CRx,1000,-1000,0,-25.53330159,1,1
PANTS,-0.061929337,-0.061929337,-0.061929337,-0.061929337,1,0
PAPPT2,0,0,0,0,0,0
PAPPT3,0.250105977,0.250105977,0.250105977,0.250105977,0,0
PAPSR,0,-2.163337822,0,-2.163337822,0,0
PC8XM,0,0,0,0,0,0
PCADYOX,0,0,0,0,0,0
PDH,379.3384969,0,379.3384969,0,0,0
PDHam1hi,0,-379.3384969,0,-22.04719611,1,1
PDHam2hi,368.7305187,-51.11921019,0,-51.10372786,1,1
PDHbr,51.11921019,-368.7305187,50.39083817,0,1,1
PDX5POi,0,0,0,0,0,0
PEPCK_re,0,-1000,0,0,1,1
PFK,0,-1000,0,0,1,1
PFK_2,0,0,0,0,0,0
PFK_3,1000,-1000,16.23876283,0,1,1
PFK_adp,0,-991.0767463,0,-37.74904621,1,1
PGAMT,1000,0,17.37695109,0,1,1
PGCD,0,-1000,0,-286.2862182,1,1
PGI,1000,-1000,21.34273891,-0.612456162,1,0
PGK,1000,-286.2862182,0,-286.2862182,1,1
PGL,0,-1000,0,-644.7209341,1,1
PGLYCP,0,0,0,0,0,0
PGM,1000,-1000,0,0,1,1
PGMT,1000,-18.74947011,1.250529886,-18.74947011,1,0
PGSA120,0,0,0,0,0,0
PGSA160,0,0,0,0,0,0
PGSA161,0,0,0,0,0,0
PGSA180,0,0,0,0,0,0
PGSA181,0,0,0,0,0,0
PHETA1,-1.5451949,-1.5451949,-1.5451949,-1.5451949,0,0
PHETHPTOX,0,0,0,0,0,0
PHYCBOXL,0,0,0,0,0,0
PIabc,991.9730507,-1000,711.0375708,-132.8877497,1,0
PIt2r,1000,-991.9730507,633.5425991,-9.59085959,1,0
PLIPA1A120pp,379.4449773,0,0,0,1,1
PLIPA1A140pp,1000,-1000,0,0,1,1
PLIPA1A141pp,0,0,0,0,0,0
PLIPA1A160pp,379.4449773,0,294.7807071,0,1,1
PLIPA1A180pp,379.4449773,0,245.2383041,1.53E-16,1,0
PLIPA1E160,1000,-1000,0,0,1,1
PLIPA1E180,1000,-379.3384969,0.106480421,-320.8100059,1,0
PLIPA2A120pp,379.4449773,0,294.7807071,0,1,1
PLIPA2A140pp,1000,-1000,0,0,1,1
PLIPA2A141pp,0,0,0,0,0,0
PLIPA2A160pp,379.4449773,-987.4619018,304.7807071,0,1,1
PLIPA2A180pp,379.4449773,0,282.0781567,0,1,1
PMPK,0,0,0,0,0,0
PNTK,-0.061929337,-0.061929337,-0.061929337,-0.061929337,1,0
POX,0,-379.3384969,0,0,1,1
PPBNGS,-0.247717348,-0.247717348,-0.247717348,-0.247717348,0,0
PPC,1000,0,140.0811184,0,1,1
PPCDC,-0.061929337,-0.061929337,-0.061929337,-0.061929337,1,0
PPGPPDP,0,0,0,0,0,0
PPNCL2,0,-0.061929337,0,-0.061929337,1,1
PPNCL3,0,-0.061929337,0,-0.061929337,1,1
PPNDH,-1.5451949,-1.5451949,-1.5451949,-1.5451949,0,0
PPOR,0,0,0,0,0,0
PPPGO,-0.015482334,-0.015482334,-0.015482334,-0.015482334,0,0
PPRGL,0,-35.15470575,0,-35.15470575,0,0
PPS,0,-991.0767463,0,0,1,1
PPTTm,-0.030964669,-0.030964669,-0.030964669,-0.030964669,1,0
PRACHh,-0.792636001,-285.2965086,-0.792636001,-196.2723663,1,0
PRADPh,-0.792636001,-285.2965086,-0.792636001,-196.2723663,1,0
PRAI,0,0,0,0,0,0
PRAIS,0,-35.15470575,0,-35.15470575,0,0
PRAISh,0,-35.15470575,0,-35.15470575,0,0
PRDX,0,0,0,0,0,0
PRFGS,0,-35.15470575,0,-35.15470575,0,0
PRICIh,285.2965086,0.792636001,196.2723663,0.792636001,1,0
PROAKGOX1,0,0,0,0,0,0
PROD2,1000,-1000,0,-75.97849158,1,1
PROabc,1000,0,10,0,1,1
PROt2r,10,-1000,10,0,1,1
PRPPS,-1.700062942,-989.9546007,-1.700062942,-4.856945712,1,0
PSAT,0,-1000,0,-256.9239796,1,1
PSCIT,2.844854952,2.844854952,2.844854952,2.844854952,0,0
PSD120,0,-379.4449773,0,-316.8748101,1,1
PSD160,0,-379.4449773,0,-304.7807071,1,1
PSD161,0,0,0,0,0,0
PSD180,0,-379.4449773,0,-304.7807071,1,1
PSD181,0,-379.4449773,0,-270.3621317,1,1
PSP,1000,0,96.29769482,0,1,1
PSP_D,0,0,0,0,0,0
PSSA120,0,-379.4449773,0,-294.7807071,1,1
PSSA160,0,-379.4449773,0,-294.7807071,1,1
PSSA161,0,0,0,0,0,0
PSSA180,0,-379.4449773,0,-226.4531855,1,1
PSSA181,0,-379.4449773,0,-264.3049897,1,1
PTE5x,0,0,0,0,0,0
PTRCabc,0.030964669,0,0.030964669,0,0,0
PUNP7,0,0,0,0,0,0
PUTA3,0,-1000,0,0,1,1
PYAM5PO,0,0,0,0,0,0
PYDAMK,0,0,0,0,0,0
PYDXK,0,0,0,0,0,0
PYDXNK,0,0,0,0,0,0
PYDXS,0.030964669,0.030964669,0.030964669,0.030964669,1,0
PYK,1000,-1000,77.71117101,-63.51778467,1,0
PYRt2,0,-325.147283,0,-325.147283,0,0
QUILSYN,0,0,0,0,0,0
R01465m,1000,-996.3256465,241.5494254,-162.7024618,1,0
RBFK,-0.030964669,-0.030964669,-0.030964669,-0.030964669,1,0
RBFSb,0.061929337,0.061929337,0.061929337,0.061929337,1,0
RBK,1.02E-12,-1000,0,-21.79295695,1,1
RDH1,0,0,0,0,0,0
RNDR1,-0.160206718,-62.1980621,-0.160206718,-62.1980621,0,0
RNDR2,-0.160206718,-49.79049103,-0.160206718,-49.79049103,0,0
RNDR3,-0.160206718,-78.5600563,-0.160206718,-78.5600563,0,0
RNDR4,0,-78.39984958,0,-78.39984958,0,0
RNMK,1000,0,0,0,1,1
RPE,384.8263424,-184.1814029,364.7921862,-124.8319747,1,0
RPI,183.2762617,-80.66722152,172.7659209,-80.66722152,1,0
RZ5PP,0.030964669,0.030964669,0.030964669,0.030964669,1,0
S7PI,-1.000423908,-1.000423908,-1.000423908,-1.000423908,0,0
SADT,0,-2.163337822,0,-2.163337822,0,0
SADT2,0,-2.163337822,0,-2.163337822,0,0
SALCpts,0,0,0,0,0,0
SAM24MT,0,0,0,0,0,0
SBP,1000,0,0,0,1,1
SBTPD,161.3061344,-10,161.3061344,-10,0,0
SBTpts,161.3061344,-10,161.3061344,-10,0,0
SDPDS,0,0,0,0,0,0
SDPTA,0,0,0,0,0,0
SELCYSTS,0,0,0,0,0,0
SERD_L,0,-1000,0,-174.6672388,1,1
SERH,0,0,0,0,0,0
SERt2m,10,-130.618823,10,-130.618823,0,0
SHCHD2,-0.030964669,-0.030964669,-0.030964669,-0.030964669,1,0
SHCHF,0.030964669,0.030964669,0.030964669,0.030964669,1,0
SHK3Dr,2.844854952,2.844854952,2.844854952,2.844854952,0,0
SHKK,-2.844854952,-2.844854952,-2.844854952,-2.844854952,0,0
SHSL4h,0,-42.92921712,0,-0.854358928,1,1
SO4t2,2.194302491,-999.9690353,2.194302491,-7.995984597,1,0
SOTA,0,0,0,0,0,0
SPMDabc,0.030964669,0.030964669,0.030964669,0.030964669,1,0
SPODM,0,0,0,0,0,0
SPTc,1000,-0.092894006,103.6612806,-0.092894006,1,0
SSALx,0,0,0,0,0,0
SUCBZL,0,0,0,0,0,0
SUCCt2b,10,-304.0254619,10,-304.0254619,0,0
SUCD4,0,-1000,0,-12.00197455,1,1
SUCLm,-1.23E-12,-1000,0,-58.35373326,1,1
SUCRe,1000,0,18.74947011,0,1,1
SUCRt2,10,-83.00903268,10,-83.00903268,0,0
SULR,2.163337822,0,2.163337822,2.78E-16,1,0
SULabc,0,-1000,0,-194.5339979,1,1
TAL,42.92921712,0,17.80877134,2.415469546,1,0
TALA,1000,-1000,2.298093305,-63.62036455,1,0
TAUDO,0,-2.163337822,0,-2.163337822,0,0
TAURabc,0,-2.163337822,0,-2.163337822,0,0
TDPDRE,-0.250105977,-0.250105977,-0.250105977,-0.250105977,0,0
TDPDRR,0.250105977,0.250105977,0.250105977,0.250105977,0,0
TDPGDH,0.250105977,0.250105977,0.250105977,0.250105977,0,0
TDSK,0.250105977,0.250105977,0.250105977,0.250105977,0,0
TDSRh,107.9269572,0.480620155,107.9269572,0.480620155,1,0
THD2,1000,-1000,0.002825714,-721.3573112,1,0
THDPS,0,0,0,0,0,0
THIORDXi,0,0,0,0,0,0
THMDt2,0.160206718,-98.23964286,0.160206718,-98.23964286,0,0
THRA,1000,0,49.40606864,0,1,1
THRS,1000,0,432.2017332,0,1,1
THZPSN,0,0,0,0,0,0
TKT1,199.3358106,-85.16806203,189.3187325,-55.49334793,1,0
TKT2,195.4905318,-89.01334089,184.980191,-59.33862679,1,0
TMDK1,98.23964286,-1000,98.23964286,-0.160206718,1,0
TMDPP,0,0,0,0,0,0
TMDS,98.39984958,0,98.39984958,0,0,0
TMPK,-0.030964669,-0.030964669,-0.030964669,-0.030964669,1,0
TMPPP,0,0,0,0,0,0
TPI,1000,-140.3198202,145.9663979,-140.3198202,1,0
TPRDCOAS,0,0,0,0,0,0
TRE6PP,0,-541.5045163,0,-10,1,1
TRE6PS,573.0090327,-10,83.00903268,-10,1,0
TREpts,10,-83.00903268,10,-83.00903268,0,0
TRPO2,0,0,0,0,0,0
TRPS2,0,0,0,0,0,0
TRPt2m,0.472019191,0.472019191,0.472019191,0.472019191,0,0
TSULabc,0,-1.081668911,0,-1.081668911,0,0
TTDCAt2,10,1.500635863,10,1.500635863,0,0
TYRCBOX,0,0,0,0,0,0
UAAGDS,-0.250105977,-0.250105977,-0.250105977,-0.250105977,0,0
UAAGLS1,0,0,0,0,0,0
UAGAAT,0.500211954,0.500211954,0.500211954,0.500211954,0,0
UAGCVT,-0.250105977,-0.250105977,-0.250105977,-0.250105977,0,0
UAGDP,-1.000423908,-1.000423908,-1.000423908,-1.000423908,0,0
UAGPT2,0,0,0,0,0,0
UAGPT3,-0.250105977,-0.250105977,-0.250105977,-0.250105977,0,0
UAMAGS,0.250105977,0.250105977,0.250105977,0.250105977,0,0
UAMAS,-0.250105977,-0.250105977,-0.250105977,-0.250105977,0,0
UAPGR,0.250105977,0.250105977,0.250105977,0.250105977,0,0
UDPGD,0,-0.657683578,0,-0.657683578,1,1
UGAH,0,0,0,0,0,0
UGMDDS,0.250105977,0.250105977,0.250105977,0.250105977,0,0
UHBZ1t_pp,0.030964669,0.030964669,0.030964669,0.030964669,1,0
UHGADA,-0.500211954,-0.500211954,-0.500211954,-0.500211954,0,0
UMPK,7.590226122,-72.12499061,0.500211954,-72.12499061,1,0
UPP3S,-0.061929337,-0.061929337,-0.061929337,-0.061929337,0,0
UPPDC1,-0.030964669,-0.030964669,-0.030964669,-0.030964669,1,0
UPPDC2,0,0,0,0,0,0
UPPRT,0,0,0,0,0,0
URCN,284.5038726,0,195.4797303,0,1,1
UREA,7.533031773,0,7.533031773,0,0,0
URFGTT,0.030964669,0.030964669,0.030964669,0.030964669,0,0
URIDK2m,987.4619018,0,0,0,1,1
URIt2,0,-78.39984958,0,-78.39984958,0,0
VPAMTr,1000,-1000,5.184485076,-91.56038987,1,0
X5PL3E,0,0,0,0,0,0
XAND,0,0,0,0,0,0
XPPT,0,-987.4619018,0,-1.669098273,1,1
XTSNH,1000,-986.5854395,0.876462272,0,1,1
XYLI1,10,-212.8227042,10,-212.8227042,0,0
XYLI2,10,-83.00903268,10,-83.00903268,0,0
XYLK,212.8227042,-10,212.8227042,-10,0,0
XYLt2,10,-212.8227042,10,-212.8227042,0,0
ZN2t4pp,-0.030964669,-0.030964669,-0.030964669,-0.030964669,1,0
gumBCEJ,0.328841789,0,0.328841789,0,0,0
rxn00016_c0,0,0,0,0,0,0
rxn00816_c0,0,0,0,0,0,0
rxn01080_c0,0,0,0,0,0,0
rxn01292_c0,0,0,0,0,0,0
rxn01457_c0,0,0,0,0,0,0
rxn02362_c0,0,0,0,0,0,0
rxn03462_c0,0,0,0,0,0,0
rxn03893_c0,-0.030964669,-0.030964669,-0.030964669,-0.030964669,1,0
rxn04052_c0,0,0,0,0,0,0
rxn05336_c0,0,0,0,0,0,0
rxn05342_c0,1.000423908,1.000423908,1.000423908,1.000423908,0,0
rxn05343_c0,0,0,0,0,0,0
rxn05344_c0,0,0,0,0,0,0
rxn05345_c0,-1.000423908,-1.000423908,-1.000423908,-1.000423908,0,0
rxn05346_c0,0,0,0,0,0,0
rxn05347_c0,0,0,0,0,0,0
rxn05348_c0,0,0,0,0,0,0
rxn05359_c0,-0.851843371,-0.851843371,-0.851843371,-0.851843371,0,0
rxn05363_c0,-0.851843371,-0.851843371,-0.851843371,-0.851843371,0,0
rxn05367_c0,-0.851843371,-0.851843371,-0.851843371,-0.851843371,0,0
rxn05371_c0,-0.851843371,-0.851843371,-0.851843371,-0.851843371,0,0
rxn05375_c0,-0.851843371,-0.851843371,-0.851843371,-0.851843371,0,0
rxn05379_c0,-0.851843371,-0.851843371,-0.851843371,-0.851843371,0,0
rxn05384_c0,-0.851843371,-0.851843371,-0.851843371,-0.851843371,0,0
rxn05388_c0,-0.851843371,-0.851843371,-0.851843371,-0.851843371,0,0
rxn05392_c0,-0.851843371,-0.851843371,-0.851843371,-0.851843371,0,0
rxn05396_c0,-0.851843371,-0.851843371,-0.851843371,-0.851843371,0,0
rxn05400_c0,-0.851843371,-0.851843371,-0.851843371,-0.851843371,0,0
rxn05404_c0,-0.851843371,-0.851843371,-0.851843371,-0.851843371,0,0
rxn05409_c0,0,0,0,0,0,0
rxn05413_c0,0,0,0,0,0,0
rxn05417_c0,0,0,0,0,0,0
rxn05421_c0,0,0,0,0,0,0
rxn05425_c0,0,0,0,0,0,0
rxn05429_c0,0,0,0,0,0,0
rxn05460_c0,0,0,0,0,0,0
rxn06181_c0,0,0,0,0,0,0
rxn06453_c0,0,0,0,0,0,0
rxn06723_c0,-0.500211954,-0.500211954,-0.500211954,-0.500211954,0,0
rxn08333_c0,-0.061929337,-0.061929337,-0.061929337,-0.061929337,0,0
rxn09448_c0,0,0,0,0,0,0
rxn09988_c0,0,0,0,0,0,0
rxn11612_c0,0,0,0,0,0,0
rxn12008_c0,-0.092894006,-0.092894006,-0.092894006,-0.092894006,0,0
rxn13990_c0,998.9995761,-1.000423908,12.03788625,-1.000423908,1,0
,,,,,359,359