,maximum,minimum
10FTHFGLULL,0.0,0.0
2DHPFALDL,0.0,0.0
2HBO,0.0,0.0
2OH3K5MPPISO,0.0,0.0
34DHOXPEGOX,0.0,0.0
34HPPOR,0.0,0.0
3HAO,0.0,0.0
3HBCOAHL,0.0,-39.6593886463
3HLYTCL,0.0,0.0
3OAR100,0.0,0.0
3OAR120,0.0,0.0
3OAR40_1,0.0,0.0
3OAR60,0.0,0.0
3OAR80,0.0,0.0
3OAS80,0.0,0.0
4ABUTD,0.0,0.0
4CMLCL_kt,0.0,0.0
4HTHRS,0.0,0.0
56DH5FLURAAMH,0.0,0.0
5FLURAPRT,0.0,0.0
5HLTDL,0.0,0.0
5HXKYNDCL,0.0,0.0
A5PISO,-0.750317931327,-0.750317931327
AACOAR_syn,1000.0,-1000.0
AACOAT,0.0,-987.461901791
AASPh,0.0,-2.16333782204
ABUTD,0.0,0.0
ACACT1,-4.24105195407e-14,-0.851843370735
ACACT10m,39.6593886463,-0.851843370735
ACACT2,0.0,0.0
ACACT3,0.0,0.0
ACACT4m,0.0,0.0
ACACT5m,0.0,0.0
ACACT6m,0.0,0.0
ACACT7m,0.0,-8.49936413735
ACALDt,0.0,-465.675536279
ACAS_2ahbut,-2.41798510337,-42.9292171204
ACBIPGT,-0.0309646685193,-0.0309646685193
ACCOAC,1000.0,-1000.0
ACCOAC_1,1000.0,0.0
ACCOAL,0.0,0.0
ACGApts,10.0,-130.542648671
ACGK,0.0,-2.49793289553
ACGS,0.0,-2.49793289553
ACOA40OR,0.0,0.0
ACOAD1,0.0,0.0
ACOAD10m,0.0,-39.6593886463
ACOAD2,0.0,0.0
ACOAD3,0.0,0.0
ACOAD4,0.0,0.0
ACOAD5,0.0,0.0
ACOAD6,0.0,0.0
ACOAD7,8.49936413735,0.0
ACOAD8m,0.0,-0.851843370735
ACOAD9m,0.0,-39.6593886463
ACOADH2,0.0,-19.8296943231
ACOATA,0.0,0.0
ACODA,0.0,-2.49793289553
ACONTa,1000.0,0.0
ACONTb,1000.0,0.0
ACOTA,2.49793289553,1.70002900646e-16
ACPS1,0.0309646685193,0.0309646685193
ACPh,0.0,-1000.0
ACS,0.0,-987.461901791
ACYP_2,0.0,0.0
ACt4pp,0.0,0.0
ADA,996.014149696,0.0
ADCL,0.0928940055578,0.0928940055577
ADCS,-0.0928940055578,-0.0928940055577
ADCYRS,0.0,0.0
ADECn,0.0,0.0
ADK1,1000.0,8.92325367687
ADK2,-0.0309646685192,-0.0309646685193
ADMDC,0.0,0.0
ADNK1,985.890291022,-1000.0
ADNUC,0.0,-987.461901791
ADNt2,10.0,-39.6302843069
ADOCBIK,998.429179108,-1000.0
ADOCBLS,0.0309646685193,0.0309646685193
ADPRDP,0.0,0.0
ADPT,0.0,-987.461901791
ADSL1r,0.0,-988.254537792
ADSL2r,0.0,-35.1547057512
ADSS,988.254537792,-4.02640883597e-13
AFAT,0.0309646685193,0.0309646685192
AGDC,131.543072579,-986.961689837
AGDI,0.0,-0.0309646685193
AGGPR,0.0,-2.49793289553
AGMHE,1.00042390844,1.00042390844
AGPAT120,0.0,0.0
AGPAT140,987.461901791,0.0
AGPAT141,0.0,0.0
AGPAT160,0.0,0.0
AGPAT161,0.0,0.0
AGPAT180,0.0,0.0
AGPAT181,0.0,0.0
AGTi,0.0,-1000.0
AICART,285.296508647,0.792636000737
AIRCr,0.0,-1000.0
AKGDH,0.0,-409.776819573
AKGDHe2r,0.0,-409.776819573
AKGt2r,10.0,-215.700422176
AKP1,-0.0928940055578,-0.0928940055578
ALAALAr,0.250105977109,0.250105977109
ALAR,1000.0,-1000.0
ALCD19,0.0,-1000.0
ALCD2ir,372.613174943,-10.0
ALDD22x,0.0,0.0
ALDD2x,0.0,-1000.0
ALDD31,0.0,-2.16333782204
ALKP,0.0,0.0
AM6PTh,0.0,0.0
AMAOTr,0.0,0.0
AMID,0.0,0.0
AMID2,0.0,0.0
AMID3,0.0,0.0
AMID4,0.0,0.0
AMID5,0.0,0.0
AMMQT8_2,0.0309646685193,0.0309646685193
AMPTASECG,0.0309646685193,-999.969035331
ANNAT,-0.0619293369847,-0.0619293370385
ANS,0.0,0.0
ANS2,0.0,0.0
AOOA,285.296508647,0.792636000737
AOXHEXCYCL,0.0,0.0
AOXSr,0.0,0.0
APAPTm,0.0,0.0
APATr,379.276567525,-0.0619293370387
APLh,-7.33814970336,-47.8493817204
APPAT,-0.0619293370383,-0.0619293370387
APRAUR,-0.0619293370385,-0.0619293370385
APSR,0.0,-2.16333782204
ARBTptspp,0.0,0.0
ARD_1,0.0,0.0
ARGDC,0.0,-0.0309646685193
ARGN,0.0,-1000.0
ARGORNt7,10.0,2.46696822701
ARGSL,0.0,0.0
ARGSS,0.0,0.0
ASAD,1000.0,2.6645352591e-14
ASNN,987.461901791,0.0
ASNS1,-2.00830806929,-989.47020986
ASP1DC,0.0,-379.338496862
ASPATh,5.98338386143,-1000.0
ASPCT,70.3094115023,0.0
ASPK,0.0,-1000.0
ASPt2_2,10.0,-130.618823005
ATDAMh,62.0378553837,0.0
ATDGDm,-0.160206718346,-0.160206718346
ATGDm,1000.0,-998.429179108
ATPM,1000.0,0.0
ATPPRT,-0.792636000737,-285.296508647
ATPS4r,430.811960122,-1000.0
AUS,0.0619293370385,0.0619293370385
BACCL,0.0,0.0
BCTA_glu_h,996.246111525,-1000.0
BCTA_val_h,1000.0,-1000.0
BDH,0.0,0.0
BETALDHx,0.0,0.0
BETALDHy,0.0,0.0
BPNT,-0.0309646685193,-2.19430249056
BTNC,0.0,-1000.0
BTND1,0.0,0.0
BTS4,0.0,0.0
Biomass,10.0,10.0
CA2t3pp,-0.0309646685193,-0.0309646685193
CAT,0.0,0.0
CBIAT,0.0309646685192,0.0309646685192
CBL1abc,0.0,0.0
CBPS,0.0,-1000.0
CD2t4pp,0.0,0.0
CDPGLC46DH,0.0,0.0
CDPMEK,-3.06081243339,-6.67807211309
CHLt2,0.0,0.0
CHOLD,1000.0,-1000.0
CHORM,2.75196094638,2.75196094638
CHORS,2.84485495194,2.84485495194
CITMCOAHm,0.0,0.0
CITt2r,10.0,-165.544772803
CLtex,0.0309646685193,0.0309646685193
CMPA,0.0,-0.0309646685193
CMS,-3.06081243339,-6.67807211309
CO2t,10.0,-516.288543155
COALDDH,1000.0,-1000.0
COBALT2tex,0.0309646685193,0.0309646685193
CPPPGO,-0.0309646685193,-0.0309646685193
CPS,1000.0,-70.3094115023
CS,0.0,-1000.0
CSND,0.0,0.0
CTPS1,1000.0,-1000.0
CTPS2,1000.0,0.0
CU2abcpp,-0.0309646685193,-0.0309646685193
CYARTMT,0.0,0.0
CYOO2pp,0.0,-39.6593886463
CYRDAAT,0.0,0.0
CYS,1000.0,5.426390437e-14
CYSDS,0.0,-1000.0
CYSS,0.0,0.0
CYSS_trdrd,0.0,0.0
CYTBD2pp,0.0,-39.6593886463
CYTBO3,0.0,-39.6593886463
CYTD,78.3998495784,0.0
CYTDt2,10.0,-42.2665663856
CYTK1,63.6303954216,-394.169880355
CYTK2,0.0,-78.3998495784
DAAD,1000.0,-1000.0
DADA,72.0378553837,0.0
DADNt2,10.0,-47.6302843069
DAGK160,0.0,0.0
DALAt2pp,10.0,-130.618823005
DAPDA,0.0,0.0
DAPDC,0.250105977109,0.250105977109
DAPE,0.0,0.0
DASYN120,0.0,-379.444977283
DASYN140,0.0,-379.444977283
DASYN141,0.0,0.0
DASYN160,0.0,-379.444977283
DASYN161,0.0,0.0
DASYN180,0.0,-379.444977283
DASYN181,0.0,-379.444977283
DB4PS,0.123858674077,0.123858674077
DBTS,0.0,0.0
DCTPD,78.3998495784,0.0
DCTPD2,0.0,-1000.0
DCYTD,88.3998495784,0.0
DCYTt2,10.0,-48.9332330523
DDGALK,0.0,0.0
DDGLCNt2r,10.0,-165.079306244
DDGLK,165.079306244,-10.0
DDPA,-2.84485495194,-2.84485495194
DDPGA,0.0,0.0
DDPGALA,0.0,0.0
DGC3D,0.0,0.0
DGK1,0.0,-49.6302843069
DGSNt2,0.0,-49.6302843069
DHAD1,47.8493817204,7.33814970336
DHCIND,0.0,0.0
DHFR,98.4927435839,0.0928940055578
DHFS,-0.0928940055578,-0.0928940055578
DHNPA2r,-0.0928940055578,-0.0928940055578
DHORD2,0.0,-70.3094115023
DHORD5,0.0,-70.3094115023
DHORTS,70.3094115023,0.0
DHPD,0.0,0.0
DHPM2,0.0,0.0
DHPPD,0.0,0.0
DHPPDA2,-0.0619293370385,-0.0619293370386
DHPS2,0.0928940055578,0.0
DHQS,2.84485495194,2.84485495194
DHQTi,-2.84485495194,-2.84485495194
DHRT_ivcoa,0.0,-0.851843370735
DINSt2,0.0,-72.0378553837
DLDLBT,-0.123858674077,-0.123858674077
DMATT,-0.281070645628,-0.609912434691
DMORh,1000.0,-992.661850297
DMPH,49.6302843069,0.0
DMPPS,0.609912434692,0.0
DMPPS_syn,0.0,-0.609912434691
DMTPHT,0.0,0.0
DNGALh,0.0,0.0
DPCOAK,-0.0619293370387,-0.0619293370389
DPR,0.0619293370387,0.0619293370389
DSERt2,0.0,0.0
DTMPK,-0.160206718346,-0.160206718346
DURIK1,78.3998495784,-1000.0
DURIt2,10.0,-88.3998495784
DUTPDP,0.0,-987.461901791
DXPRIi,-3.06081243339,-6.67807211311
DXPS,-3.06081243339,-6.67807211311
E4PD,0.0,0.0
EAR100y,0.0,0.0
EAR120y,0.0,0.0
EAR140y,0.0,0.0
EAR40y,0.0,0.0
EAR60y,0.0,0.0
EAR80y,0.0,0.0
ECOAH1,0.0,0.0
ECOAH12,39.6593886463,0.0
ECOAH3,0.0,0.0
ECOAH4,0.0,0.0
ECOAH5,0.0,0.0
ECOAH6,0.0,0.0
ECOAH7,0.0,-8.49936413735
ECOAH9ir,39.6593886463,-0.851843370735
EDA,0.0,-1000.0
EDD,0.0,-1000.0
EDTXS1,-0.250105977109,-0.250105977109
EDTXS2,0.250105977109,0.250105977109
ENO,1000.0,0.0
ETHAAL,389.338496862,0.0
ETHAt2pp,10.0,-130.618823005
ETOHti,372.613174943,-10.0
EX_2ddglcn_e,165.079306244,-10.0
EX_4hbz_e,-0.0309646685191,-0.0309646685192
EX_ASPt5n_e,130.618823005,-10.0
EX_Biomass_e,10.0,9.91778955273
EX_DNA_e,-10.0,-10.0
EX_ac_e,0.0,0.0
EX_acald_e,465.675536279,8.881784197e-16
EX_acgam_e,130.542648671,-10.0
EX_adn_e,39.6302843069,-10.0
EX_akg_e,215.700422176,-10.0
EX_ala__D_e,130.618823005,-10.0
EX_arab__L_e,0.0,0.0
EX_arbt_e,0.0,0.0
EX_arg__L_e,-2.46696822701,-10.0
EX_ca2_e,-0.0309646685193,-0.0309646685193
EX_cbl1_e,0.0,0.0
EX_cd2_e,0.0,0.0
EX_chol_e,0.0,0.0
EX_cit_e,165.544772803,-10.0
EX_cl_e,-0.0309646685193,-0.0309646685193
EX_co2_e,516.288543155,-10.0
EX_cobalt2_e,-0.0309646685193,-0.0309646685193
EX_cu2_e,-0.0309646685193,-0.0309646685193
EX_cytd_e,42.2665663856,-10.0
EX_dad_2_e,47.6302843069,-10.0
EX_dcyt_e,48.9332330523,-10.0
EX_dgsn_e,49.6302843069,0.0
EX_din_e,72.0378553837,0.0
EX_duri_e,88.3998495784,-10.0
EX_etha_e,130.618823005,-10.0
EX_etoh_e,372.613174943,-10.0
EX_fe2_e,0.0,-0.123858674077
EX_fe3_e,0.0,-0.123858674077
EX_for_e,403.045190711,0.0
EX_fru_e,175.685586849,-10.0
EX_fum_e,253.317159205,-10.0
EX_galt_e,0.0,0.0
EX_galur_e,0.0,0.0
EX_gam_e,130.618823005,-10.0
EX_glc__D_e,175.685586849,-10.0
EX_glcur_e,0.0,0.0
EX_gln__L_e,60.3094115023,-10.0
EX_glu__L_e,130.618823005,-10.0
EX_gly_e,130.618823005,-10.0
EX_glyb_e,0.0,0.0
EX_glyc_e,289.785735205,-10.0
EX_glycogen_e,0.0,0.0
EX_h2o_e,498.923853246,0.0
EX_h_e,1000.0,-10.0
EX_hdca_e,8.49936413735,0.0
EX_hxan_e,52.0378553837,-10.0
EX_ins_e,52.0378553837,-10.0
EX_k_e,-0.0309646685193,-0.0309646685193
EX_lys__L_e,-3.10448618201,-3.10448618201
EX_mal__L_e,253.144271577,-10.0
EX_malt_e,-1.7763568394e-15,-10.0
EX_man_e,175.685586849,-10.0
EX_met__D_e,0.0,0.0
EX_met__L_e,0.0,-2.16333782204
EX_metox__R_e,0.0,0.0
EX_metsox_S__L_e,0.0,-2.16333782204
EX_mg2_e,-0.0309646685193,-0.0309646685193
EX_mn2_e,-0.0309646685193,-0.0309646685193
EX_mqn7_e,-0.0619293370385,-0.0619293370385
EX_na1_e,0.0,0.0
EX_nh4_e,130.618823005,-10.0
EX_nmn_e,-0.0619293370371,-0.0619293370402
EX_no2_e,10.0,-10.0
EX_no3_e,10.0,-10.0
EX_o2_e,-0.170305676856,-20.0
EX_ocdca_e,-0.851843370735,-0.851843370735
EX_orn_e,10.0,2.46696822701
EX_pi_e,-8.02694926562,-10.0
EX_ppi_e,0.986525367191,0.0
EX_pro__L_e,130.618823005,-10.0
EX_protein_e,-10.0,-10.0
EX_ptrc_e,0.0,-0.0309646685193
EX_pyr_e,325.147283024,0.0
EX_q8_e,0.0,-10.0
EX_q8h2_e,10.0,4.33431068814e-13
EX_rna_c0,-10.0,-10.0
EX_salcn_e,0.0,0.0
EX_sbt__D_e,161.306134403,-10.0
EX_ser__D_e,0.0,0.0
EX_ser__L_e,130.618823005,-10.0
EX_so4_e,-0.0309646685193,-2.19430249056
EX_spmd_e,-0.0309646685193,-0.0309646685193
EX_succ_e,304.025461895,-10.0
EX_sucr_e,83.0090326809,-10.0
EX_taur_e,-1.01252339846e-13,-2.16333782204
EX_thmmp_e,-0.0309646685192,-0.0309646685193
EX_thymd_e,98.23964286,-0.160206718346
EX_tre_e,83.0090326809,-10.0
EX_trp__L_e,-0.47201919145,-0.47201919145
EX_tsul_e,0.0,-1.08166891102
EX_ttdca_e,-1.50063586265,-10.0
EX_uri_e,78.3998495784,0.0
EX_xyl__D_e,212.822704218,-10.0
EX_zn2_e,-0.0309646685193,-0.0309646685193
FA100ACPHi,0.0,0.0
FA80ACPHi,0.0,0.0
FACOAE160,0.0,-987.461901791
FACOAE180,0.0,-987.461901791
FACOAE1836Z9Z12Z,0.0,0.0
FACOAL140,-1.50063586265,-988.962537654
FACOAL160,987.461901791,0.0
FACOAL180,0.0,-987.461901791
FAS140ACPm,1.25052988554,1.25052988554
FBA,1000.0,-1000.0
FBA3,1000.0,-1000.0
FBP,1000.0,0.0
FCLT,0.0309646685193,0.0309646685193
FDH,0.0,-379.338496862
FE2abc,0.123858674077,0.0
FE3abc,0.123858674077,0.0
FERO,19.8296943231,0.0
FGFTh,0.0,-1000.0
FGLU,0.0,0.0
FK,0.0,0.0
FLVRx,0.0,0.0
FMNRx,0.0,0.0
FOLR2,0.0,0.0
FOMETRi,0.0,-1000.0
FORti,403.045190711,0.0
FPGFTh,1000.0,0.0
FPGS_tm,0.0,0.0
FPPSh,0.609912434693,0.281070645628
FRD,1000.0,0.0
FRD2,1000.0,0.0
FRD3,-0.0619293370385,-1000.0
FRD7,1000.0,0.0
FRTT,-0.0309646685192,-0.0309646685192
FRUK,175.685586849,-10.0
FRUpts,10.0,-175.685586849
FT,0.0,0.0
FTCL,1000.0,0.0
FTHFD,0.0,-1000.0
FUM,1000.0,0.0
FUMt2r,10.0,-253.317159205
G-12289,0.657683578128,0.0
G-12290,0.657683578128,0.0
G-12296,0.328841789064,0.0
G1PACT,0.0,-1000.0
G1PTT,-0.250105977109,-0.250105977109
G1SAT,0.495434696308,0.495434696308
G3PAT120,0.0,0.0
G3PAT140,0.0,-987.461901791
G3PAT141,0.0,0.0
G3PAT160,0.0,0.0
G3PAT160_1,0.0,-379.444977283
G3PAT161,0.0,0.0
G3PAT180,0.0,0.0
G3PAT181,0.0,0.0
G3PD,1000.0,-1000.0
G3PD1,1000.0,-1000.0
G3PD5,0.0,-1000.0
G3PD6,0.0,-1000.0
G3PD7,999.938070663,0.0
G3PL,0.0,0.0
G5DHx,1000.0,0.0
G5SADrm,0.0,-1000.0
G6PBDH,0.0,-1000.0
G6PDA,1000.0,0.0
G6PDH2r,1000.0,-1000.0
G6PI,1000.0,-1000.0
G6PI3,1000.0,-1000.0
GALCTD,0.0,0.0
GALCTND,0.0,0.0
GALM1,1000.0,0.0
GALT1,-0.250105977109,-0.250105977109
GALTpts,0.0,0.0
GALUi,8.99957609156,-574.009456589
GALh,0.0,-1000.0
GAM,1000.0,0.0
GAMpts,130.618823005,-10.0
GAPD,1000.0,-1000.0
GAPDH_nadp_hi,1000.0,0.0
GART,0.0,-1000.0
GCC2cm,9.75613480673,-400.020684767
GCCa,0.0,-1000.0
GCCb,0.0,-1000.0
GCCc,0.0,-1000.0
GCL,0.0,-1000.0
GDH,1000.0,-1000.0
GF6PTA,18.9995760916,-1000.0
GGGABADr,0.0,0.0
GGTT,-0.0309646685193,-0.0309646685193
GHMT,1000.0,0.0
GK1,1000.0,-998.13973034
GK2,999.839793282,-998.299937059
GLCTR2,-0.250105977109,-0.250105977109
GLCTR3,-0.250105977109,-0.250105977109
GLCabcpp,0.0,-1000.0
GLCpts,1000.0,-10.0
GLNSP1,0.0,0.0
GLNSP2,0.0,0.0
GLNSP3,0.0,0.0
GLNabc,10.0,-60.3094115023
GLU5K,0.0,-1000.0
GLUFORT,0.0,0.0
GLUFT,0.0,-1000.0
GLUK_syn,0.0,-1000.0
GLUPRT,-2.04281036531e-14,-35.1547057512
GLUR,-0.250105977109,-0.250105977109
GLUS_nadph,1000.0,0.0
GLUTCOADHc,0.0,0.0
GLUTRR,-0.495434696308,-0.495434696308
GLUTRS,-0.495434696308,-0.495434696308
GLUt2r,10.0,-130.618823005
GLXO1,0.0,0.0
GLYALDDr,0.0,-1000.0
GLYAMDTRc,0.0,0.0
GLYAT,996.325646496,-1000.0
GLYBabc,0.0,0.0
GLYCDH_1,1000.0,0.0
GLYCK,0.0,-1000.0
GLYCK2,1000.0,0.0
GLYCL,1000.0,-1000.0
GLYCLTDx,0.0,0.0
GLYCLTDy,0.0,0.0
GLYCOR_nadp,0.0,-1000.0
GLYCt,10.0,-289.785735205
GLYK,1000.0,-10.0
GLYt2m,10.0,-130.618823005
GMHEPAT,-1.00042390844,-1.00042390844
GMP5N,987.461901791,0.0
GMPS2,0.0,-494.961818032
GND,0.0,-569.007745292
GNK,0.0,-10.0
GNNUC,9.09494701773e-13,-1000.0
GPAR,0.0,-989.131000064
GPDDA1,0.0,0.0
GPDDA2,0.0,-379.338496862
GPDDA4,0.319441264026,0.319441264026
GTPCI,0.0,-0.0928940055577
GTPCII2,-0.0619293370385,-0.0619293370385
GTPDPK,0.0,0.0
GUAD,0.0,-1000.0
GUDBUTNAH,1000.0,-7.53303177299
H2Ot,0.0,-498.923853246
HACD1,1000.0,-1000.0
HACD2,0.0,0.0
HACD3,0.0,0.0
HACD4,0.0,0.0
HACD5,0.0,0.0
HACD6,0.0,0.0
HACD7,8.49936413735,0.0
HACD9,0.851843370735,-39.6593886463
HACDp,0.0,0.0
HADPCOADH3,0.0,0.0
HCO3E,1000.0,-1000.0
HDC,0.0,0.0
HDCAt2,0.0,-8.49936413735
HDH,999.207363999,-285.296508647
HEPK1,-0.250105977109,-0.250105977109
HEPK2,-0.250105977109,-0.250105977109
HEPT1,-0.250105977109,-0.250105977109
HEPT2,-0.250105977109,-0.250105977109
HEPT3,-0.250105977109,-0.250105977109
HEPT4,-0.250105977109,-0.250105977109
HEX1,0.0,-1000.0
HEXTT,0.0309646685193,0.0309646685193
HGNTOR,0.0,0.0
HIBDkt,-2.22044604925e-16,-39.6593886463
HISDr,284.503872646,1.00808250636e-13
HISTP,-0.792636000739,-285.296508647
HIUH,0.0,0.0
HKYNH,0.0,0.0
HKt,0.0,-0.0619293370385
HMBS,0.0619293370385,0.0619293370385
HMGL,0.851843370735,0.0
HPPK2,0.0,-0.0928940055577
HPYRDC,0.0928940055576,0.0928940055577
HSDH,1000.0,0.0
HSDx,1000.0,0.0
HSERTA,0.0,-44.2381960148
HSK,0.0,-1000.0
HSPMS,0.0,0.0
HXAND,0.0,-989.131000064
HXANt2pp,10.0,-52.0378553837
HXPRT,0.0,-987.461901791
HYD1,0.0,0.0
Ht,1000.0,-1000.0
IBPHn,0.0,0.0
ICDHx,0.0,-379.338496862
ICH,-0.792636000737,-285.296508647
ICL,0.0,-1000.0
IDPh,1000.0,12.538098209
IDS1,6.0681596784,0.0
IG3PS,285.296508647,0.792636000737
IGPDH,285.296508647,0.792636000737
IGPS,0.0,0.0
IMACTD,0.0,0.0
IMDHT,-3.7538884754,-4.60573184614
IMDHT_3c2hmp,4.60573184614,3.7538884754
IMPD,987.461901791,-51.2993825799
INSH,0.0,-1000.0
INSt2,10.0,-52.0378553837
IPDPS,6.0681596784,0.0
IPMD,-3.7538884754,-4.60573184614
IPPS,-3.7538884754,-4.60573184614
ITCY,68.3998495784,-1000.0
IZPN,284.503872646,0.0
KARI,42.9292171204,2.41798510337
KARI_23dhmb,992.661850297,-1000.0
KARI_23dhmp,42.9292171204,2.41798510337
KARI_3hmoa,1000.0,-992.661850297
KDOCT,-0.750317931327,-0.750317931327
KDOPP,0.750317931327,0.750317931327
KDOPS,0.750317931327,0.750317931327
KYN3OX,0.0,0.0
Kt1,0.0619293370385,0.0
LCADi,0.0,0.0
LDH_L,1000.0,0.0
LPLIPAL1A120pp,379.444977283,0.0
LPLIPAL1A140pp,1000.0,-1000.0
LPLIPAL1A141pp,0.0,0.0
LPLIPAL1A160pp,379.444977283,0.0
LPLIPAL1A180pp,379.444977283,0.0
LPLIPAL2A120,379.444977283,0.0
LPLIPAL2A140,1000.0,-1000.0
LPLIPAL2A141,0.0,0.0
LPLIPAL2A160,379.444977283,0.0
LPLIPAL2A180,379.444977283,0.0
LPLIPAL2E160,1000.0,-1000.0
LPLIPAL2E180,1000.0,-379.338496862
LTDCL,0.0,0.0
LYSRC,0.0,0.0
LYSt2m,-3.10448618201,-3.10448618201
L_LACD2,1000.0,0.0
L_LACD3,1000.0,0.0
L_LACDcm,39.6593886463,0.0
MALS,0.0,-580.811642213
MALT,1000.0,0.0
MALTabc,10.0,0.0
MALTpts,0.0,0.0
MALt2_2,10.0,-253.144271577
MAN1PT2,1.31536715626,-2.69465718939e-15
MAN6PI,10.0,-175.685586849
MANAO,0.0,0.0
MANpts,10.0,-175.685586849
MATm,-0.154823342596,-987.616725134
MCCC,0.851843370735,0.0
MCITD,0.0,-39.6593886463
MCITL2,39.6593886463,0.0
MCITS,0.0,-39.6593886463
MCLOR,0.0,0.0
MCOATA,-9.97201447171,-9.97201447171
MCPST,0.0,0.0
MCS,-3.06081243339,-6.6780721131
MCSNAH,0.0,0.0
MDH,0.0,-1000.0
MDHC_nadp_hr,0.0,-1000.0
MECDPDH2,6.67807211309,3.06081243339
METDabc,0.0,0.0
METSOX1abcpp,0.0,-2.16333782204
METSOXR1,0.0,-2.16333782204
METabc,0.0,-2.16333782204
MG2abc,0.0,-0.0309646685193
MG2t,0.0309646685193,0.0
MGC,0.851843370735,0.0
MI1PP,0.0,0.0
MI3PP,0.0,0.0
MI4PP,0.0,0.0
MICITDr,0.0,-39.6593886463
MIHKPP,0.0,0.0
MMSAD3,1000.0,-1000.0
MMSDH,0.0,-39.6593886463
MN2t3pp,0.0309646685193,0.0309646685193
MNXR10704,0.0,0.0
MNXR10705,0.0,0.0
MNXR113142,0.657683578128,0.0
MNXR113143,0.657683578128,0.0
MNXR113144,0.657683578128,0.0
MNXR117163,0.657683578128,0.0
MNXR117165,0.328841789064,0.0
MNXR12173,0.0,0.0
MNXR14387,0.0,0.0
MNXR14507,0.0,0.0
MNXR14578,1000.0,-1000.0
MNXR14719,0.0,0.0
MNXR14762,0.0,0.0
MNXR14768,0.854358927614,-1.30897889443
MNXR15065,42.9292171204,0.0
MNXR15262,1000.0,-1000.0
MNXR15436,0.0,0.0
MNXR15510,0.0,0.0
MNXR15609,0.0,0.0
MNXR15641,0.0,0.0
MNXR15642,1000.0,-1000.0
MNXR15797,0.0,0.0
MNXR15867,-0.0309646685192,-0.0309646685193
MNXR1587,0.0,-0.0928940055577
MNXR15972,0.0,0.0
MNXR15973,0.0,0.0
MNXR160,1000.0,-1000.0
MNXR16018,0.0,0.0
MNXR16204,0.0,0.0
MNXR16236,0.0,0.0
MNXR16239,0.0,0.0
MNXR16307,1000.0,0.0
MNXR16994,0.0,0.0
MNXR16995,0.0,0.0
MNXR17004,0.0,0.0
MNXR17026,0.0,0.0
MNXR17153,0.0,0.0
MNXR17265,0.0,0.0
MNXR17268,0.0,0.0
MNXR17296,1000.0,-1000.0
MNXR17297,1000.0,-1000.0
MNXR17649,0.0,0.0
MNXR17653,0.0,0.0
MNXR17657,0.0,0.0
MNXR17827,0.0,0.0
MNXR17833,0.0,0.0
MNXR17835,0.0,0.0
MNXR17903,0.0,0.0
MNXR17904,0.0,0.0
MNXR17916,0.0,0.0
MNXR17974,0.0,0.0
MNXR17999,0.0,0.0
MNXR18003,0.0,0.0
MNXR18214,1000.0,-1000.0
MNXR1991,0.0,0.0
MNXR20056,0.0,0.0
MNXR2062,1000.0,-1000.0
MNXR22677,0.0,0.0
MNXR2293,0.0,0.0
MNXR27601,0.0,0.0
MNXR27602,0.0,0.0
MNXR27603,0.0,0.0
MNXR27604,0.0,0.0
MNXR27605,0.0,0.0
MNXR27606,0.0,0.0
MNXR27634,-0.851843370735,-0.851843370735
MNXR27635,0.851843370735,0.851843370735
MNXR27636,0.851843370735,0.851843370735
MNXR27638,-0.851843370735,-0.851843370735
MNXR27639,0.851843370735,0.851843370735
MNXR27640,0.851843370735,0.851843370735
MNXR27642,-0.851843370735,-0.851843370735
MNXR27643,0.851843370735,0.851843370735
MNXR27644,0.851843370735,0.851843370735
MNXR27646,0.851843370735,0.851843370735
MNXR27647,-0.851843370735,-0.851843370735
MNXR27648,0.851843370735,0.851843370735
MNXR27650,0.851843370735,0.851843370735
MNXR27651,-0.851843370735,-0.851843370735
MNXR27652,0.851843370735,0.851843370735
MNXR27654,0.851843370735,0.851843370735
MNXR27655,-0.851843370735,-0.851843370735
MNXR27656,0.851843370735,0.851843370735
MNXR27659,-0.851843370735,-0.851843370735
MNXR27660,0.851843370735,0.851843370735
MNXR27661,0.851843370735,0.851843370735
MNXR27663,-0.851843370735,-0.851843370735
MNXR27664,0.851843370735,0.851843370735
MNXR27665,0.851843370735,0.851843370735
MNXR27667,-0.851843370735,-0.851843370735
MNXR27668,0.851843370735,0.851843370735
MNXR27669,0.851843370735,0.851843370735
MNXR27671,0.851843370735,0.851843370735
MNXR27672,-0.851843370735,-0.851843370735
MNXR27673,0.851843370735,0.851843370735
MNXR27675,0.851843370735,0.851843370735
MNXR27676,-0.851843370735,-0.851843370735
MNXR27677,0.851843370735,0.851843370735
MNXR27679,0.851843370735,0.851843370735
MNXR27680,-0.851843370735,-0.851843370735
MNXR27681,0.851843370735,0.851843370735
MNXR27684,0.0,0.0
MNXR27686,0.0,0.0
MNXR27688,0.0,0.0
MNXR27690,0.0,0.0
MNXR27692,0.0,0.0
MNXR27694,0.0,0.0
MNXR27696,0.0,0.0
MNXR27698,0.0,0.0
MNXR27700,0.0,0.0
MNXR27702,0.0,0.0
MNXR27704,0.0,0.0
MNXR27706,0.0,0.0
MNXR2772,0.0,0.0
MNXR27735,0.0,0.0
MNXR27737,0.0,0.0
MNXR27805,0.0,0.0
MNXR27856,0.0309646685192,0.0309646685192
MNXR2786,-1.00042390844,-1.00042390844
MNXR2826,1.08166891102,0.0
MNXR2832,0.0,-1000.0
MNXR28652,0.0,0.0
MNXR28653,0.0,0.0
MNXR28654,0.0,0.0
MNXR28660,0.0,-987.461901791
MNXR28662,-0.425921685368,-0.425921685368
MNXR28663,-0.425921685368,-0.425921685368
MNXR28664,0.0,0.0
MNXR28665,0.0,0.0
MNXR28666,0.0,0.0
MNXR28667,0.0,0.0
MNXR28671,-0.425921685368,-0.425921685368
MNXR28672,-0.425921685368,-0.425921685368
MNXR28673,0.0,0.0
MNXR28674,0.0,0.0
MNXR28675,0.0,0.0
MNXR28676,0.0,0.0
MNXR28683,-0.106480421342,-0.106480421342
MNXR28684,-0.106480421342,-0.106480421342
MNXR28685,0.0,0.0
MNXR28686,0.0,0.0
MNXR28687,0.0,0.0
MNXR28688,0.0,0.0
MNXR28689,0.106480421342,0.106480421342
MNXR28690,0.106480421342,0.106480421342
MNXR28691,0.0,0.0
MNXR28692,0.0,0.0
MNXR28693,0.0,0.0
MNXR28694,0.0,0.0
MNXR28710,0.0,0.0
MNXR28711,0.0,0.0
MNXR28712,0.0,0.0
MNXR28713,0.0,0.0
MNXR28714,0.0,0.0
MNXR28715,0.0,0.0
MNXR28716,-0.319441264026,-0.319441264026
MNXR28717,-0.319441264026,-0.319441264026
MNXR28718,0.0,0.0
MNXR28719,0.0,0.0
MNXR28720,0.0,0.0
MNXR28721,0.0,0.0
MNXR28722,0.319441264026,0.319441264026
MNXR28723,0.319441264026,0.319441264026
MNXR29077,0.0,-0.98652536719
MNXR29256,987.461901791,0.0
MNXR2929,987.461901791,0.0
MNXR2930,0.0,0.0
MNXR29604,0.0,0.0
MNXR29606,0.0,0.0
MNXR29607,0.0,0.0
MNXR31648,999.969035331,-0.0309646685198
MNXR3231,0.0,0.0
MNXR32524,1.20676604607,1.20676604607
MNXR3277,1000.0,-1000.0
MNXR3279,1000.0,-1000.0
MNXR3312,1000.0,-1000.0
MNXR33771,0.0,0.0
MNXR33785,0.0,0.0
MNXR33807,0.0,0.0
MNXR34453,0.0,0.0
MNXR3469,0.0,0.0
MNXR3495,1.4328375685,-0.730500253537
MNXR3536,0.0,0.0
MNXR35657,-3.44613226844e-13,-379.338496862
MNXR40035,0.0,0.0
MNXR40622,1000.0,-7.53303177299
MNXR4313,1000.0,-1000.0
MNXR4335,1000.0,-1000.0
MNXR4402,0.0,-1.20676604607
MNXR4403,0.0,-1.20676604607
MNXR4458,0.0,0.0
MNXR46338,0.0,0.0
MNXR47135,0.0,0.0
MNXR5314,0.250105977109,0.250105977109
MNXR53357,-0.851843370735,-0.851843370735
MNXR53358,-0.851843370735,-0.851843370735
MNXR53359,0.0,0.0
MNXR53360,0.0,0.0
MNXR53361,0.851843370735,0.851843370735
MNXR53362,0.0,0.0
MNXR53363,0.851843370735,0.851843370735
MNXR53364,0.0,0.0
MNXR53365,0.0,0.0
MNXR53366,-1.50063586265,-988.962537654
MNXR53368,0.0,0.0
MNXR5404,379.338496862,0.0
MNXR5449,0.0,0.0
MNXR5475,0.0309646685193,0.0309646685193
MNXR55674,0.250105977109,0.250105977109
MNXR55989,-0.250105977109,-0.250105977109
MNXR55990,-0.250105977109,-0.578947766173
MNXR5630,0.0,0.0
MNXR5681,0.0,0.0
MNXR5689,0.0,0.0
MNXR5724,0.0,0.0
MNXR5727,0.0,0.0
MNXR57329,0.0,0.0
MNXR5765,0.0,0.0
MNXR578,-0.123858674077,-987.585760465
MNXR58251,0.0,-1000.0
MNXR5856,0.0,0.0
MNXR58824,1.00042390844,1.00042390844
MNXR5887,0.0,0.0
MNXR5910,0.0,0.0
MNXR59227,0.0,-1000.0
MNXR5927,0.0,0.0
MNXR59665,0.0,0.0
MNXR59713,0.0,0.0
MNXR59771,0.0,0.0
MNXR59886,0.0,0.0
MNXR60025,-0.0309646685193,-0.0309646685192
MNXR6030,0.0,0.0
MNXR60319,0.0,0.0
MNXR60320,0.0,0.0
MNXR60327,0.0,0.0
MNXR6043,0.0309646685193,0.0309646685193
MNXR60581,0.0,0.0
MNXR60651,0.0,0.0
MNXR60681,0.0,0.0
MNXR60682,0.0,0.0
MNXR60684,0.0,0.0
MNXR60685,0.0,0.0
MNXR60686,0.0,0.0
MNXR60687,0.0,0.0
MNXR60688,0.0,0.0
MNXR60689,0.0,0.0
MNXR60692,0.0,0.0
MNXR6106,0.0,0.0
MNXR6164,0.0,0.0
MNXR61873,0.0,0.0
MNXR6274,0.0,0.0
MNXR6283,0.0,0.0
MNXR62992,0.0,0.0
MNXR6311,0.0,0.0
MNXR6332,0.0,0.0
MNXR63965,0.0,0.0
MNXR63966,0.0,0.0
MNXR63967,0.0,0.0
MNXR63968,0.0,0.0
MNXR63969,0.0,0.0
MNXR63971,0.0,0.0
MNXR63972,0.0,0.0
MNXR63973,0.0,0.0
MNXR63975,0.0,0.0
MNXR6493,0.0,0.0
MNXR6494,1000.0,-1000.0
MNXR6532,0.0,0.0
MNXR6539,0.0,0.0
MNXR65450,0.0,0.0
MNXR65498,0.0,0.0
MNXR6555,0.0,0.0
MNXR6631,0.0,0.0
MNXR67415,0.250105977109,0.250105977109
MNXR6834,0.0,0.0
MNXR6908,0.0,0.0
MNXR69161,0.0,0.0
MNXR69337,1000.0,-1000.0
MNXR69346,1000.0,-1000.0
MNXR69352,1000.0,-1000.0
MNXR6969,0.0,0.0
MNXR69693,0.0,0.0
MNXR69694,0.0,0.0
MNXR6970,1000.0,-1000.0
MNXR69727,1000.0,-1000.0
MNXR69749,1000.0,-1000.0
MNXR69763,1000.0,-1000.0
MNXR69802,0.0,-379.444977283
MNXR69813,0.0,-379.444977283
MNXR69814,0.0,0.0
MNXR70083,0.0,0.0
MNXR70220,0.0,0.0
MNXR70329,0.0,0.0
MNXR70375,0.0,-409.776819573
MNXR7063,0.0,0.0
MNXR70958,0.0,0.0
MNXR71149,0.0,0.0
MNXR71171,0.0,0.0
MNXR7118,0.0,0.0
MNXR71184,0.0,0.0
MNXR71295,0.0,0.0
MNXR7133,0.0,0.0
MNXR7136,0.0,0.0
MNXR71393,0.0,0.0
MNXR71411,0.0,0.0
MNXR71500,0.0,0.0
MNXR71594,0.0,0.0
MNXR71850,1000.0,-1000.0
MNXR7212,0.0,0.0
MNXR72719,0.0,0.0
MNXR7297,0.0,0.0
MNXR73656,0.0928940055578,0.0
MNXR73710,0.0,0.0
MNXR73713,0.0,0.0
MNXR73934,0.0,0.0
MNXR74185,0.0,0.0
MNXR74304,0.0,-0.0928940055577
MNXR74373,0.0,0.0
MNXR74388,0.0928940055578,0.0
MNXR7442,0.0,0.0
MNXR7459,39.7058356491,-0.0154823342603
MNXR74626,0.0,0.0
MNXR74716,0.0,0.0
MNXR74717,0.0,0.0
MNXR74722,0.0,0.0
MNXR74782,0.0,0.0
MNXR74931,0.0,0.0
MNXR74932,0.0,0.0
MNXR75041,0.0,0.0
MNXR75218,0.0,0.0
MNXR75220,0.0,0.0
MNXR75221,0.0,0.0
MNXR75248,0.0,0.0
MNXR75249,0.0,0.0
MNXR75271,0.0,0.0
MNXR7594,1000.0,-1000.0
MNXR7613,987.461901791,0.0
MNXR7644,0.0,0.0
MNXR7721,0.0,0.0
MNXR7792,0.0,0.0
MNXR78083,0.0,0.0
MNXR79288,10.0,-1000.0
MNXR79548,1000.0,-997.582014897
MNXR79575,0.0,-39.6593886463
MNXR79601,0.0,-19.8296943231
MNXR79604,0.0,-44.2381960148
MNXR79613,409.776819573,0.0
MNXR79615,0.0,0.0
MNXR79647,0.0,0.0
MNXR79704,-2.41798510337,-42.9292171204
MNXR79735,0.0,0.0
MNXR79878,0.0,-1000.0
MNXR79883,0.0619293370385,0.0619293370385
MNXR80058,0.0,-40.511232017
MNXR80306,39.6593886463,0.0
MNXR80308,40.511232017,0.0
MNXR80309,40.511232017,0.0
MNXR80323,0.0,0.0
MNXR80370,0.0,0.0
MNXR80378,0.0,0.0
MNXR80380,0.0,0.0
MNXR80382,1000.0,0.0
MNXR80383,1000.0,-1000.0
MNXR80385,0.0,0.0
MNXR80400,0.0,0.0
MNXR80403,0.0,0.0
MNXR80405,0.0,-1000.0
MNXR80406,1000.0,-1000.0
MNXR80464,0.0,0.0
MNXR80501,-0.425921685368,-0.425921685368
MNXR80502,-0.425921685368,-0.425921685368
MNXR80503,0.0,0.0
MNXR80504,0.0,0.0
MNXR80505,0.0,0.0
MNXR80506,0.0,0.0
MNXR80553,0.0,0.0
MNXR80555,-0.106480421342,-0.106480421342
MNXR80556,0.106480421342,0.106480421342
MNXR80557,0.106480421342,0.106480421342
MNXR80558,0.0,0.0
MNXR80559,0.0,0.0
MNXR80560,0.0,0.0
MNXR80561,0.0,0.0
MNXR8073,0.0,0.0
MNXR80794,0.0309646685193,0.0309646685192
MNXR80876,0.0,0.0
MNXR80878,0.0,0.0
MNXR80879,0.0,0.0
MNXR81103,0.0619293370385,0.0619293370385
MNXR8129,0.0,0.0
MNXR8203,0.0,0.0
MNXR8219,0.0,0.0
MNXR8221,0.0,0.0
MNXR8252,0.0,0.0
MNXR8269,0.0,0.0
MNXR8303,0.0,0.0
MNXR8328,0.0,0.0
MNXR8404,0.0,0.0
MNXR84520,0.0,0.0
MNXR84532,0.0,0.0
MNXR84576,0.0,0.0
MNXR84580,0.0,0.0
MNXR84631,1000.0,-1000.0
MNXR84761,0.0,0.0
MNXR84794,0.0,0.0
MNXR84885,0.0,-1.08166891102
MNXR84910,0.0,0.0
MNXR84911,0.0,0.0
MNXR84987,0.0,0.0
MNXR85051,0.0,0.0
MNXR85052,0.0,0.0
MNXR85058,0.0,0.0
MNXR85082,0.0,0.0
MNXR85159,0.0,0.0
MNXR85179,0.0,0.0
MNXR85205,0.0,0.0
MNXR85233,0.0,0.0
MNXR85234,0.0,0.0
MNXR85248,0.0,0.0
MNXR85267,1000.0,-1000.0
MNXR85268,1000.0,-1000.0
MNXR85270,1000.0,-1000.0
MNXR85277,0.0,0.0
MNXR85287,1000.0,-1000.0
MNXR85297,0.0,-0.0928940055575
MNXR85306,0.0,0.0
MNXR85308,0.0,0.0
MNXR85310,1000.0,-1000.0
MNXR85314,0.0,0.0
MNXR85335,0.0,0.0
MNXR85362,0.0,0.0
MNXR85363,0.0309646685193,0.0309646685192
MNXR85368,0.0,-1000.0
MNXR85427,0.0,0.0
MNXR85428,0.0,0.0
MNXR85460,999.969035331,-998.460143777
MNXR85534,8.881784197e-16,0.0
MNXR85555,0.0,0.0
MNXR85587,0.0,-1000.0
MNXR85589,0.0,0.0
MNXR85709,0.0,0.0
MNXR8571,0.0,0.0
MNXR85731,0.0,0.0
MNXR85739,0.0,0.0
MNXR85754,8.881784197e-16,0.0
MNXR85795,0.0,0.0
MNXR85856,0.0,0.0
MNXR8605,1000.0,-1000.0
MNXR8691,0.0,0.0
MNXR86939,0.0,0.0
MNXR8700,0.0,0.0
MNXR87148,1.00042390844,-998.999576092
MNXR8716,0.0,0.0
MNXR87173,0.0,0.0
MNXR8742,0.0,0.0
MNXR8903,0.0,0.0
MNXR8926,0.0,0.0
MNXR8994,1000.0,-1000.0
MNXR9029,0.0,0.0
MNXR90744,0.0,0.0
MNXR92341,0.0,-379.444977283
MNXR93624,1000.0,-1000.0
MNXR93625,0.0,0.0
MNXR93681,0.0,0.0
MNXR93694,0.0,0.0
MNXR93698,0.0,-42.9292171204
MNXR93703,0.0,0.0
MNXR93704,1000.0,-996.246111525
MNXR93715,1000.0,-1000.0
MNXR93716,0.0,0.0
MNXR93746,493.292719759,-1000.0
MNXR93748,1000.0,-997.582014897
MNXR93752,0.0,0.0
MNXR93753,0.0,-284.503872646
MNXR93771,0.0,0.0
MNXR93774,0.0,0.0
MNXR93778,0.0,0.0
MNXR93797,0.0,0.0
MNXR93798,1000.0,-1000.0
MNXR93834,0.0,0.0
MNXR93840,0.0,0.0
MNXR93844,1000.0,-1000.0
MNXR93845,1000.0,-1000.0
MNXR93864,0.0,0.0
MNXR93865,0.0,0.0
MNXR93869,0.0,0.0
MNXR93881,0.0,0.0
MNXR93945,1000.0,-1000.0
MNXR93946,1000.0,-1000.0
MNXR93966,0.0,0.0
MNXR94017,0.0,0.0
MNXR94061,0.0,0.0
MNXR94063,0.0,0.0
MNXR94066,0.0,0.0
MNXR94094,0.0,0.0
MNXR94163,0.0,0.0
MNXR94164,1000.0,-1000.0
MNXR94165,1000.0,-1000.0
MNXR94166,1000.0,-1000.0
MNXR94179,0.0,0.0
MNXR94180,0.0,0.0
MNXR94181,0.0,0.0
MNXR94182,0.0,0.0
MNXR94183,0.0,0.0
MNXR94184,0.0,0.0
MNXR94190,0.0,-10.0
MNXR94192,-0.250105977109,-0.250105977109
MNXR94194,1000.0,-1000.0
MNXR94195,0.0,0.0
MNXR94196,1000.0,-1000.0
MNXR94197,1000.0,-1000.0
MNXR94198,1000.0,-1000.0
MNXR94199,0.0,0.0
MNXR94200,1000.0,-1000.0
MNXR94201,1000.0,-1000.0
MNXR94202,999.680558736,-1000.0
MNXR94217,1000.0,-1000.0
MNXR94218,0.0,0.0
MNXR94219,1000.0,-1000.0
MNXR94220,1000.0,-1000.0
MNXR94221,1000.0,-1000.0
MNXR94222,1000.0,-1000.0
MNXR94223,0.0,0.0
MNXR94224,1000.0,-1000.0
MNXR94225,1000.0,-1000.0
MNXR94226,999.680558736,-1000.0
MNXR94227,1000.0,-1000.0
MNXR94245,1000.0,-1000.0
MNXR94246,0.0,0.0
MNXR94247,1000.0,-1000.0
MNXR94248,1000.0,-1000.0
MNXR94249,1000.0,-1000.0
MNXR94250,1000.0,-1000.0
MNXR94251,0.0,0.0
MNXR94252,1000.0,-1000.0
MNXR94253,1000.0,-1000.0
MNXR94254,1000.0,-999.680558736
MNXR94255,1000.0,-1000.0
MNXR94256,1000.0,-1000.0
MNXR94257,0.0,0.0
MNXR94258,1000.0,-1000.0
MNXR94259,1000.0,-1000.0
MNXR94260,1000.0,-1000.0
MNXR94261,1000.0,-1000.0
MNXR94262,0.0,0.0
MNXR94263,1000.0,-1000.0
MNXR94264,1000.0,-1000.0
MNXR94265,1000.0,-999.680558736
MNXR94266,0.0,0.0
MNXR94267,-0.250105977109,-0.250105977109
MNXR94312,0.0,0.0
MNXR94313,0.0,0.0
MNXR94325,999.969035331,-999.589687305
MNXR94332,0.0,-987.461901791
MNXR94333,0.0,-987.461901791
MNXR94334,0.0,-379.444977283
MNXR94338,0.0,0.0
MNXR94426,0.0,0.0
MNXR94492,0.0,0.0
MOAT,-0.250105977109,-0.250105977109
MOAT2,0.250105977109,0.250105977109
MOAT3C,-0.250105977109,-0.250105977109
MOD,0.0,-39.6593886463
MOD_3mhtpp,0.851843370735,0.0
MOD_4mop,0.0,-0.851843370735
MOHMT,0.0619293370387,0.0619293370388
MPPM,1.31536715626,0.0
MQN7t,0.0619293370385,0.0619293370385
MTAP,0.0,0.0
MTHFC,999.176399331,-437.738813515
MTHFD,437.738813515,0.544918652584
MTHFO,1000.0,-1000.0
MTHFO_nadp,1000.0,-1000.0
MTI,1000.0,-1000.0
MTRI,0.0,0.0
MUCCY_kt,0.0,0.0
NA1Hth,0.0,0.0
NADH10,1000.0,0.0
NADH5,1000.0,0.0
NADH6,0.0,-1000.0
NADH9,999.938070663,0.0
NADK,999.558722636,-1000.0
NADS1,0.0,0.0
NADTRHD,1000.0,-1000.0
NAPRT,-0.0309646685193,-0.0309646685193
NAPT,0.0,0.0
NDPK2,16.0895902592,-598.446350999
NDPK3,393.864761797,-63.7906021399
NDPK4,1000.0,-999.558722636
NDPK6,987.461901791,0.0
NDPK7,-0.160206718346,-78.5600562967
NDPK8,998.13973034,-1000.0
NDPK9,1000.0,-1000.0
NEOXANS,0.0,0.0
NFORGLUAH,1000.0,0.0
NH4t,10.0,-130.618823005
NMNHYD,0.0,-1000.0
NMNTP,0.0619293370321,0.0619293370411
NNDMBRT,-0.0309646685193,-0.0309646685193
NNDPR,0.0,0.0
NO2t2r,10.0,-10.0
NO3R1,0.0,-1000.0
NO3R2,1000.0,-10.0
NO3t2,10.0,-10.0
NPHS,0.0,0.0
NT5C,0.0,0.0
NTD1,1000.0,0.0
NTD10,988.254537792,0.0
NTD11,988.254537792,0.0
NTD2,0.0,-78.3998495784
NTD3,78.3998495784,0.0
NTD4,1000.0,0.0
NTD5,1000.0,0.0
NTD6,62.0378553837,0.0
NTD7,1000.0,0.0
NTRIR2x,20.0,0.0
NTRIR2y,20.0,0.0
O2t,20.0,0.170305676856
OCDCAt2,0.851843370735,0.851843370735
OCOAT1,988.313745162,0.0
OF_Biomass_Synthesis,0.41105223633,0.0
OHPBAT,0.0,0.0
OHPHM,0.0309646685191,0.0309646685193
OMCDC,-3.7538884754,-4.60573184614
OMPDC,0.0,-70.3094115023
OP4ENH,0.0,0.0
OPHBDC,-0.0309646685191,-0.0309646685193
ORDCh,0.0,-0.0309646685193
ORNTA,0.0,-2.49793289553
ORPT,0.0,-70.3094115023
OXAMTC,0.0,0.0
OXOAEL,0.0,0.0
P5CD,0.0,-1000.0
P5CR,1000.0,-1000.0
P5CRx,1000.0,-1000.0
PANTS,-0.061929337039,-0.0619293370386
PAPPT2,0.0,0.0
PAPPT3,0.250105977109,0.250105977109
PAPSR,0.0,-2.16333782204
PC8XM,0.0,0.0
PCADYOX,0.0,0.0
PDH,379.338496862,0.0
PDHam1hi,0.0,-379.338496862
PDHam2hi,368.730518684,-51.1192101945
PDHbr,51.1192101945,-368.730518684
PDX5POi,0.0,0.0
PEPCK_re,0.0,-1000.0
PFK,0.0,-1000.0
PFK_2,0.0,0.0
PFK_3,1000.0,-1000.0
PFK_adp,0.0,-991.076746323
PGAMT,1000.0,0.0
PGCD,0.0,-1000.0
PGI,1000.0,-1000.0
PGK,1000.0,-286.286218153
PGL,0.0,-1000.0
PGLYCP,0.0,0.0
PGM,1000.0,-1000.0
PGMT,1000.0,-18.7494701145
PGSA120,0.0,0.0
PGSA160,0.0,0.0
PGSA161,0.0,0.0
PGSA180,0.0,0.0
PGSA181,0.0,0.0
PHETA1,-1.54519490031,-1.54519490031
PHETHPTOX,0.0,0.0
PHYCBOXL,0.0,0.0
PIabc,991.973050734,-1000.0
PIt2r,1000.0,-991.973050734
PLIPA1A120pp,379.444977283,0.0
PLIPA1A140pp,1000.0,-1000.0
PLIPA1A141pp,0.0,0.0
PLIPA1A160pp,379.444977283,0.0
PLIPA1A180pp,379.444977283,0.0
PLIPA1E160,1000.0,-1000.0
PLIPA1E180,1000.0,-379.338496862
PLIPA2A120pp,379.444977283,0.0
PLIPA2A140pp,1000.0,-1000.0
PLIPA2A141pp,0.0,0.0
PLIPA2A160pp,379.444977283,-987.461901791
PLIPA2A180pp,379.444977283,0.0
PMPK,0.0,0.0
PNTK,-0.0619293370384,-0.0619293370388
POX,0.0,-379.338496862
PPBNGS,-0.247717348154,-0.247717348154
PPC,1000.0,0.0
PPCDC,-0.0619293370384,-0.0619293370387
PPGPPDP,0.0,0.0
PPNCL2,0.0,-0.0619293370387
PPNCL3,0.0,-0.0619293370387
PPNDH,-1.54519490031,-1.54519490031
PPOR,0.0,0.0
PPPGO,-0.0154823342596,-0.0154823342596
PPRGL,0.0,-35.1547057512
PPS,0.0,-991.076746323
PPTTm,-0.0309646685193,-0.0309646685193
PRACHh,-0.792636000737,-285.296508647
PRADPh,-0.792636000737,-285.296508647
PRAI,0.0,0.0
PRAIS,0.0,-35.1547057512
PRAISh,0.0,-35.1547057512
PRDX,0.0,0.0
PRFGS,0.0,-35.1547057512
PRICIh,285.296508647,0.792636000736
PROAKGOX1,0.0,0.0
PROD2,1000.0,-1000.0
PROabc,1000.0,0.0
PROt2r,10.0,-1000.0
PRPPS,-1.7000629415,-989.954600733
PSAT,0.0,-1000.0
PSCIT,2.84485495194,2.84485495194
PSD120,0.0,-379.444977283
PSD160,0.0,-379.444977283
PSD161,0.0,0.0
PSD180,0.0,-379.444977283
PSD181,0.0,-379.444977283
PSP,1000.0,0.0
PSP_D,0.0,0.0
PSSA120,0.0,-379.444977283
PSSA160,0.0,-379.444977283
PSSA161,0.0,0.0
PSSA180,0.0,-379.444977283
PSSA181,0.0,-379.444977283
PTE5x,0.0,0.0
PTRCabc,0.0309646685193,0.0
PUNP7,0.0,0.0
PUTA3,0.0,-1000.0
PYAM5PO,0.0,0.0
PYDAMK,0.0,0.0
PYDXK,0.0,0.0
PYDXNK,0.0,0.0
PYDXS,0.0309646685193,0.0309646685193
PYK,1000.0,-1000.0
PYRt2,0.0,-325.147283024
QUILSYN,0.0,0.0
R01465m,1000.0,-996.325646496
RBFK,-0.0309646685191,-0.0309646685192
RBFSb,0.0619293370384,0.0619293370385
RBK,1.02318153949e-12,-1000.0
RDH1,0.0,0.0
RNDR1,-0.160206718346,-62.198062102
RNDR2,-0.160206718346,-49.7904910253
RNDR3,-0.160206718346,-78.5600562967
RNDR4,0.0,-78.3998495784
RNMK,1000.0,0.0
RPE,384.826342368,-184.181402925
RPI,183.276261651,-80.6672215195
RZ5PP,0.0309646685193,0.0309646685193
S7PI,-1.00042390844,-1.00042390844
SADT,0.0,-2.16333782204
SADT2,0.0,-2.16333782204
SALCpts,0.0,0.0
SAM24MT,0.0,0.0
SBP,1000.0,0.0
SBTPD,161.306134403,-10.0
SBTpts,161.306134403,-10.0
SDPDS,0.0,0.0
SDPTA,0.0,0.0
SELCYSTS,0.0,0.0
SERD_L,0.0,-1000.0
SERH,0.0,0.0
SERt2m,10.0,-130.618823005
SHCHD2,-0.0309646685193,-0.0309646685193
SHCHF,0.0309646685193,0.0309646685193
SHK3Dr,2.84485495194,2.84485495194
SHKK,-2.84485495194,-2.84485495194
SHSL4h,0.0,-42.9292171204
SO4t2,2.19430249056,-999.969035331
SOTA,0.0,0.0
SPMDabc,0.0309646685193,0.0309646685193
SPODM,0.0,0.0
SPTc,1000.0,-0.0928940055583
SSALx,0.0,0.0
SUCBZL,0.0,0.0
SUCCt2b,10.0,-304.025461895
SUCD4,0.0,-1000.0
SUCLm,-1.22923893286e-12,-1000.0
SUCRe,1000.0,0.0
SUCRt2,10.0,-83.0090326809
SULR,2.16333782204,0.0
SULabc,0.0,-1000.0
TAL,42.9292171204,0.0
TALA,1000.0,-1000.0
TAUDO,0.0,-2.16333782204
TAURabc,0.0,-2.16333782204
TDPDRE,-0.250105977109,-0.250105977109
TDPDRR,0.250105977109,0.250105977109
TDPGDH,0.250105977109,0.250105977109
TDSK,0.250105977109,0.250105977109
TDSRh,107.926957188,0.480620155041
THD2,1000.0,-1000.0
THDPS,0.0,0.0
THIORDXi,0.0,0.0
THMDt2,0.160206718346,-98.23964286
THRA,1000.0,0.0
THRS,1000.0,0.0
THZPSN,0.0,0.0
TKT1,199.335810614,-85.1680620322
TKT2,195.490531754,-89.0133408925
TMDK1,98.23964286,-1000.0
TMDPP,0.0,0.0
TMDS,98.3998495784,0.0
TMPK,-0.0309646685193,-0.0309646685192
TMPPP,0.0,0.0
TPI,1000.0,-140.31982022
TPRDCOAS,0.0,0.0
TRE6PP,0.0,-541.50451634
TRE6PS,573.009032681,-10.0
TREpts,10.0,-83.0090326809
TRPO2,0.0,0.0
TRPS2,0.0,0.0
TRPt2m,0.47201919145,0.47201919145
TSULabc,0.0,-1.08166891102
TTDCAt2,10.0,1.50063586265
TYRCBOX,0.0,0.0
UAAGDS,-0.250105977109,-0.250105977109
UAAGLS1,0.0,0.0
UAGAAT,0.500211954218,0.500211954218
UAGCVT,-0.250105977109,-0.250105977109
UAGDP,-1.00042390844,-1.00042390844
UAGPT2,0.0,0.0
UAGPT3,-0.250105977109,-0.250105977109
UAMAGS,0.250105977109,0.250105977109
UAMAS,-0.250105977109,-0.250105977109
UAPGR,0.250105977109,0.250105977109
UDPGD,0.0,-0.657683578127
UGAH,0.0,0.0
UGMDDS,0.250105977109,0.250105977109
UHBZ1t_pp,0.0309646685198,0.0309646685192
UHGADA,-0.500211954218,-0.500211954218
UMPK,7.59022612182,-72.1249906128
UPP3S,-0.0619293370385,-0.0619293370385
UPPDC1,-0.0309646685193,-0.0309646685193
UPPDC2,0.0,0.0
UPPRT,0.0,0.0
URCN,284.503872646,0.0
UREA,7.53303177299,0.0
URFGTT,0.0309646685193,0.0309646685192
URIDK2m,987.461901791,0.0
URIt2,0.0,-78.3998495784
VPAMTr,1000.0,-1000.0
X5PL3E,0.0,0.0
XAND,0.0,0.0
XPPT,0.0,-987.461901791
XTSNH,1000.0,-986.585439519
XYLI1,10.0,-212.822704218
XYLI2,10.0,-83.0090326809
XYLK,212.822704218,-10.0
XYLt2,10.0,-212.822704218
ZN2t4pp,-0.0309646685193,-0.0309646685193
gumBCEJ,0.328841789064,0.0
rxn00016_c0,0.0,0.0
rxn00816_c0,0.0,0.0
rxn01080_c0,0.0,0.0
rxn01292_c0,0.0,0.0
rxn01457_c0,0.0,0.0
rxn02362_c0,0.0,0.0
rxn03462_c0,0.0,0.0
rxn03893_c0,-0.0309646685192,-0.0309646685192
rxn04052_c0,0.0,0.0
rxn05336_c0,0.0,0.0
rxn05342_c0,1.00042390844,1.00042390844
rxn05343_c0,0.0,0.0
rxn05344_c0,0.0,0.0
rxn05345_c0,-1.00042390844,-1.00042390844
rxn05346_c0,0.0,0.0
rxn05347_c0,0.0,0.0
rxn05348_c0,0.0,0.0
rxn05359_c0,-0.851843370735,-0.851843370735
rxn05363_c0,-0.851843370735,-0.851843370735
rxn05367_c0,-0.851843370735,-0.851843370735
rxn05371_c0,-0.851843370735,-0.851843370735
rxn05375_c0,-0.851843370735,-0.851843370735
rxn05379_c0,-0.851843370735,-0.851843370735
rxn05384_c0,-0.851843370735,-0.851843370735
rxn05388_c0,-0.851843370735,-0.851843370735
rxn05392_c0,-0.851843370735,-0.851843370735
rxn05396_c0,-0.851843370735,-0.851843370735
rxn05400_c0,-0.851843370735,-0.851843370735
rxn05404_c0,-0.851843370735,-0.851843370735
rxn05409_c0,0.0,0.0
rxn05413_c0,0.0,0.0
rxn05417_c0,0.0,0.0
rxn05421_c0,0.0,0.0
rxn05425_c0,0.0,0.0
rxn05429_c0,0.0,0.0
rxn05460_c0,0.0,0.0
rxn06181_c0,0.0,0.0
rxn06453_c0,0.0,0.0
rxn06723_c0,-0.500211954218,-0.500211954218
rxn08333_c0,-0.0619293370385,-0.0619293370385
rxn09448_c0,0.0,0.0
rxn09988_c0,0.0,0.0
rxn11612_c0,0.0,0.0
rxn12008_c0,-0.0928940055577,-0.0928940055577
rxn13990_c0,998.999576092,-1.00042390844
